kegg,smiles,mass,formula,pubchem,chebi
C00002,C1=NC2=C(C(=N1)N)N=CN2[C@H]3[C@@H]([C@@H]([C@H](O3)COP(=O)(O)OP(=O)(O)OP(=O)(O)O)O)O,506.9957,C10H16N5O13P3,5957,CHEBI:15422
C00003,C1=CC(=C[N+](=C1)[C@H]2[C@@H]([C@@H]([C@H](O2)COP(=O)(O)OP(=O)(O)OC[C@@H]3[C@H]([C@H]([C@@H](O3)N4C=NC5=C4N=CN=C5N)O)O)O)O)C(=O)N,664.1169,C21H28N7O14P2,5893,CHEBI:15846
C00004,C1C=CN(C=C1C(=O)N)[C@H]2[C@@H]([C@@H]([C@H](O2)COP(=O)(O)OP(=O)(O)OC[C@@H]3[C@H]([C@H]([C@@H](O3)N4C=NC5=C4N=CN=C5N)O)O)O)O,665.1248,C21H29N7O14P2,439153,CHEBI:16908
C00005,C1C=CN(C=C1C(=O)N)[C@H]2[C@@H]([C@@H]([C@H](O2)COP(=O)(O)OP(=O)(O)OC[C@@H]3[C@H]([C@H]([C@@H](O3)N4C=NC5=C4N=CN=C5N)OP(=O)(O)O)O)O)O,745.0911,C21H30N7O17P3,5884,CHEBI:16474
C00006,C1=CC(=C[N+](=C1)[C@H]2[C@@H]([C@@H]([C@H](O2)COP(=O)(O)OP(=O)(O)OC[C@@H]3[C@H]([C@H]([C@@H](O3)N4C=NC5=C4N=CN=C5N)OP(=O)(O)O)O)O)O)C(=O)N,744.0833,C21H29N7O17P3,5886,CHEBI:18009
C00008,C1=NC2=C(C(=N1)N)N=CN2[C@H]3[C@@H]([C@@H]([C@H](O3)COP(=O)(O)OP(=O)(O)O)O)O,427.0294,C10H15N5O10P2,6022,CHEBI:16761
C00010,CC(C)(COP(=O)(O)OP(=O)(O)OC[C@@H]1[C@H]([C@H]([C@@H](O1)N2C=NC3=C2N=CN=C3N)O)OP(=O)(O)O)[C@H](C(=O)NCCC(=O)NCCS)O,767.1152,C21H36N7O16P3S,87642,CHEBI:15346
C00016,CC1=CC2=C(C=C1C)N(C3=NC(=O)NC(=O)C3=N2)C[C@@H]([C@@H]([C@@H](COP(=O)(O)OP(=O)(O)OC[C@@H]4[C@H]([C@H]([C@@H](O4)N5C=NC6=C5N=CN=C6N)O)O)O)O)O,785.1571,C27H33N9O15P2,643975,CHEBI:16238
C00018,CC1=NC=C(C(=C1O)C=O)COP(=O)(O)O,247.0246,C8H10NO6P,1051,CHEBI:18405
C00019,C[S+](CC[C@@H](C(=O)[O-])N)C[C@@H]1[C@H]([C@H]([C@@H](O1)N2C=NC3=C2N=CN=C3N)O)O,398.1372,C15H22N6O5S,34755,CHEBI:67040
C00021,C1=NC2=C(C(=N1)N)N=CN2[C@H]3[C@@H]([C@@H]([C@H](O3)CSCC[C@@H](C(=O)O)N)O)O,384.1216,C14H20N6O5S,25246222,CHEBI:16680
C00022,CC(=O)C(=O)O,88.016,C3H4O3,1060,CHEBI:32816
C00024,CC(=O)SCCNC(=O)CCNC(=O)[C@@H](C(C)(C)COP(=O)(O)OP(=O)(O)OC[C@@H]1[C@H]([C@H]([C@@H](O1)N2C=NC3=C2N=CN=C3N)O)OP(=O)(O)O)O,809.1258,C23H38N7O17P3S,444493,CHEBI:15351
C00026,C(CC(=O)O)C(=O)C(=O)O,146.0215,C5H6O5,51,CHEBI:30915
C00029,C1=CN(C(=O)NC1=O)[C@H]2[C@@H]([C@@H]([C@H](O2)COP(=O)(O)OP(=O)(O)O[C@@H]3[C@@H]([C@H]([C@@H]([C@H](O3)CO)O)O)O)O)O,566.055,C15H24N2O17P2,8629,CHEBI:46229
C00037,C(C(=O)O)N,75.032,C2H5NO2,5257127,CHEBI:15428
C00042,C(CC(=O)O)C(=O)O,118.0266,C4H6O4,1110,CHEBI:15741
C00043,CC(=O)N[C@@H]1[C@H]([C@@H]([C@H](O[C@@H]1OP(=O)(O)OP(=O)(O)OC[C@@H]2[C@H]([C@H]([C@@H](O2)N3C=CC(=O)NC3=O)O)O)CO)O)O,607.0816,C17H27N3O17P2,445675,NA
C00047,C(CCN)C[C@@H](C(=O)O)N,146.1055,C6H14N2O2,5962,CHEBI:18019
C00049,C([C@@H](C(=O)O)N)C(=O)O,133.0375,C4H7NO4,44367445,CHEBI:17053
C00051,C(CC(=O)N[C@@H](CS)C(=O)NCC(=O)O)[C@@H](C(=O)O)N,307.0838,C10H17N3O6S,124886,CHEBI:16856
C00052,C1=CN(C(=O)NC1=O)C2[C@@H]([C@@H]([C@H](O2)COP(=O)(O)OP(=O)(O)O[C@@H]3[C@@H]([C@H]([C@H]([C@H](O3)CO)O)O)O)O)O,566.055,C15H24N2O17P2,23724458,NA
C00054,C1=NC2=C(C(=N1)N)N=CN2[C@H]3[C@@H]([C@@H]([C@H](O3)COP(=O)(O)O)OP(=O)(O)O)O,427.0294,C10H15N5O10P2,159296,CHEBI:17985
C00055,C1=CN(C(=O)N=C1N)[C@H]2[C@@H]([C@@H]([C@H](O2)COP(=O)(O)O)O)O,323.0519,C9H14N3O8P,6131,CHEBI:17361
C00061,CC1=CC2=C(C=C1C)N(C3=NC(=O)NC(=O)C3=N2)C[C@@H]([C@@H]([C@@H](COP(=O)(O)O)O)O)O,456.1046,C17H21N4O9P,643976,CHEBI:17621
C00062,C(C[C@@H](C(=O)O)N)CN=C(N)N,174.1117,C6H14N4O2,28782,CHEBI:16467
C00063,C1=CN(C(=O)N=C1N)[C@H]2[C@@H]([C@@H]([C@H](O2)COP(=O)(O)OP(=O)(O)OP(=O)(O)O)O)O,482.9845,C9H16N3O14P3,6176,CHEBI:17677
C00064,C(CC(=O)N)[C@@H](C(=O)O)N,146.0691,C5H10N2O3,5961,CHEBI:18050
C00065,C([C@@H](C(=O)O)N)O,105.0426,C3H7NO3,5951,CHEBI:17115
C00068,CC1=C(SC=[N+]1CC2=CN=C(N=C2N)C)CCOP(=O)(O)OP(=O)(O)O,425.045,C12H19N4O7P2S,1132,NA
C00072,C([C@@H]([C@@H]1C(=C(C(=O)O1)O)O)O)O,176.0321,C6H8O6,54670067,CHEBI:29073
C00073,CSCC[C@@H](C(=O)O)N,149.051,C5H11NO2S,6137,CHEBI:16643
C00074,C=C(C(=O)O)OP(=O)(O)O,167.9824,C3H5O6P,1005,NA
C00075,C1=CN(C(=O)NC1=O)[C@H]2[C@@H]([C@@H]([C@H](O2)COP(=O)(O)OP(=O)(O)OP(=O)(O)O)O)O,483.9685,C9H15N2O15P3,6133,CHEBI:15713
C00078,C1=CC=C2C(=C1)C(=CN2)C[C@@H](C(=O)O)N,204.0899,C11H12N2O2,6305,CHEBI:16828
C00079,C1=CC=C(C=C1)C[C@@H](C(=O)O)N,165.079,C9H11NO2,6140,CHEBI:17295
C00082,C1=CC(=CC=C1C[C@@H](C(=O)O)N)O,181.0739,C9H11NO3,6057,CHEBI:17895
C00083,CC(C)(COP(=O)(O)OP(=O)(O)OC[C@@H]1[C@H]([C@H]([C@@H](O1)N2C=NC3=C2N=CN=C3N)O)OP(=O)(O)O)[C@H](C(=O)NCCC(=O)NCCSC(=O)CC(=O)O)O,853.1156,C24H38N7O19P3S,644066,CHEBI:15531
C00085,C([C@@H]1[C@H]([C@@H](C(O1)(CO)O)O)O)OP(=O)(O)O,260.0297,C6H13O9P,439160,CHEBI:61553
C00086,C(=O)(N)N,60.0324,CH4N2O,1176,CHEBI:16199
C00089,C([C@@H]1[C@H]([C@@H]([C@H]([C@H](O1)O[C@]2([C@H]([C@@H]([C@H](O2)CO)O)O)CO)O)O)O)O,342.1162,C12H22O11,5988,CHEBI:17992
C00090,C1=CC=C(C(=C1)O)O,110.0368,C6H6O2,289,CHEBI:18135
C00091,CC(C)(COP(=O)(O)OP(=O)(O)OC[C@@H]1[C@H]([C@H]([C@@H](O1)N2C=NC3=C2N=CN=C3N)O)OP(=O)(O)O)[C@H](C(=O)NCCC(=O)NCCSC(=O)CCC(=O)O)O,867.1313,C25H40N7O19P3S,92133,CHEBI:15380
C00093,C([C@H](COP(=O)(O)O)O)O,172.0137,C3H9O6P,439162,CHEBI:15978
C00097,C([C@@H](C(=O)O)N)S,121.0197,C3H7NO2S,5862,CHEBI:17561
C00099,C(CN)C(=O)O,89.0477,C3H7NO2,239,CHEBI:16958
C00100,CCC(=O)SCCNC(=O)CCNC(=O)[C@@H](C(C)(C)COP(=O)(O)OP(=O)(O)OC[C@@H]1[C@H]([C@H]([C@@H](O1)N2C=NC3=C2N=CN=C3N)O)OP(=O)(O)O)O,823.1414,C24H40N7O17P3S,92753,CHEBI:15450
C00101,C1[C@@H](NC2=C(N1)NC(=NC2=O)N)CNC3=CC=C(C=C3)C(=O)N[C@@H](CCC(=O)O)C(=O)O,445.171,C19H23N7O6,91443,CHEBI:20506
C00103,C([C@@H]1[C@H]([C@@H]([C@H]([C@H](O1)OP(=O)(O)O)O)O)O)O,260.0297,C6H13O9P,65533,CHEBI:29042
C00105,C1=CN(C(=O)NC1=O)[C@H]2[C@@H]([C@@H]([C@H](O2)COP(=O)(O)O)O)O,324.0359,C9H13N2O9P,6030,CHEBI:16695
C00106,C1=CNC(=O)NC1=O,112.0273,C4H4N2O2,1174,CHEBI:17568
C00108,C1=CC=C(C(=C1)C(=O)O)N,137.0477,C7H7NO2,227,CHEBI:30754
C00109,CCC(=O)C(=O)O,102.0317,C4H6O3,58,CHEBI:30831
C00111,C(C(=O)COP(=O)(O)O)O,169.998,C3H7O6P,668,CHEBI:16108
C00112,C1=CN(C(=O)N=C1N)[C@H]2[C@@H]([C@@H]([C@H](O2)COP(=O)(O)OP(=O)(O)O)O)O,403.0182,C9H15N3O11P2,6132,CHEBI:17239
C00114,C[N+](C)(C)CCO,104.1075,C5H14NO,305,CHEBI:15354
C00119,C([C@@H]1[C@H]([C@H]([C@H](O1)OP(=O)(O)OP(=O)(O)O)O)O)OP(=O)(O)O,389.9518,C5H13O14P3,7339,CHEBI:17111
C00120,C1[C@H]2[C@@H]([C@@H](S1)CCCCC(=O)O)NC(=O)N2,244.0882,C10H16N2O3S,171548,CHEBI:15956
C00122,C(=C/C(=O)O)\C(=O)O,116.011,C4H4O4,21883788,CHEBI:18012
C00123,CC(C)C[C@@H](C(=O)O)N,131.0946,C6H13NO2,6106,CHEBI:15603
C00127,C(CC(=O)N[C@@H](CSSC[C@@H](C(=O)NCC(=O)O)NC(=O)CC[C@@H](C(=O)O)N)C(=O)NCC(=O)O)[C@@H](C(=O)O)N,612.152,C20H32N6O12S2,11215652,CHEBI:17858
C00128,CC(=O)N[C@@H]1[C@H](C[C@](O[C@H]1[C@@H]([C@@H](CO)O)O)(C(=O)O)OP(=O)(O)OC[C@@H]2[C@H]([C@H]([C@@H](O2)N3C=CC(=NC3=O)N)O)O)O,614.1473,C20H31N4O16P,448209,CHEBI:16556
C00129,CC(=C)CCOP(=O)(O)OP(=O)(O)O,246.0058,C5H12O7P2,1195,CHEBI:16584
C00130,C1=NC(=O)C2=C(N1)N(C=N2)[C@H]3[C@@H]([C@@H]([C@H](O3)COP(=O)(O)O)O)O,348.0471,C10H13N4O8P,8582,CHEBI:17202
C00134,C(CCN)CN,88.1,C4H12N2,1045,CHEBI:17148
C00135,C1=C(NC=N1)C[C@@H](C(=O)O)N,155.0695,C6H9N3O2,6274,CHEBI:15971
C00136,CCCC(=O)SCCNC(=O)CCNC(=O)[C@@H](C(C)(C)COP(=O)(O)OP(=O)(O)OC[C@@H]1[C@H]([C@H]([C@@H](O1)N2C=NC3=C2N=CN=C3N)O)OP(=O)(O)O)O,837.1571,C25H42N7O17P3S,122283,CHEBI:15517
C00137,C1(C(C(C(C(C1O)O)O)O)O)O,180.0634,C6H12O6,NA,CHEBI:17268
C00140,CC(=O)N[C@@H]1[C@H]([C@@H]([C@H](OC1O)CO)O)O,221.0899,C8H15NO6,439174,CHEBI:28401
C00141,CC(C)C(=O)C(=O)O,116.0473,C5H8O3,49,CHEBI:16530
C00143,C1[C@@H]2CN(CN2C3=C(N1)NC(=NC3=O)N)C4=CC=C(C=C4)C(=O)NC(CCC(=O)O)C(=O)O,457.171,C20H23N7O6,439175,NA
C00144,C1=NC2=C(N1[C@H]3[C@@H]([C@@H]([C@H](O3)COP(=O)(O)O)O)O)NC(=NC2=O)N,363.058,C10H14N5O8P,6804,CHEBI:17345
C00147,C1=NC2=C(N1)C(=NC=N2)N,135.0545,C5H5N5,190,CHEBI:16708
C00148,C1C[C@H](NC1)C(=O)O,115.0633,C5H9NO2,145742,CHEBI:17203
C00152,C([C@@H](C(=O)O)N)C(=O)N,132.0535,C4H8N2O3,6267,CHEBI:17196
C00153,C1=CC(=CN=C1)C(=O)N,122.048,C6H6N2O,936,CHEBI:17154
C00154,CCCCCCCCCCCCCCCC(=O)SCCNC(=O)CCNC(=O)[C@@H](C(C)(C)COP(=O)(O)OP(=O)(O)OC[C@@H]1[C@H]([C@H]([C@@H](O1)N2C=NC3=C2N=CN=C3N)O)OP(=O)(O)O)O,1005.3449,C37H66N7O17P3S,644109,CHEBI:15525
C00156,C1=CC(=CC=C1C(=O)O)O,138.0317,C7H6O3,135,CHEBI:30763
C00158,C(C(=O)O)C(CC(=O)O)(C(=O)O)O,192.027,C6H8O7,19782904,CHEBI:30769
C00160,C(C(=O)O)O,76.016,C2H4O3,3698251,CHEBI:17375
C00166,C1=CC=C(C=C1)CC(=O)C(=O)O,164.0473,C9H8O3,997,CHEBI:30851
C00167,C1=CN(C(=O)NC1=O)[C@H]2[C@@H]([C@@H]([C@H](O2)COP(=O)(O)OP(=O)(O)O[C@@H]3[C@@H]([C@H]([C@@H]([C@H](O3)C(=O)O)O)O)O)O)O,580.0343,C15H22N2O18P2,17473,CHEBI:17200
C00170,CSC[C@@H]1[C@H]([C@H]([C@@H](O1)N2C=NC3=C2N=CN=C3N)O)O,297.0896,C11H15N5O3S,439176,CHEBI:17509
C00178,CC1=CNC(=O)NC1=O,126.0429,C5H6N2O2,1135,CHEBI:17821
C00179,C(CCN=C(N)N)CN,130.1218,C5H14N4,199,CHEBI:17431
C00180,C1=CC=C(C=C1)C(=O)O,122.0368,C7H6O2,20144841,CHEBI:30746
C00183,CC(C)[C@@H](C(=O)O)N,117.079,C5H11NO2,6287,CHEBI:16414
C00185,C([C@@H]1[C@H]([C@@H]([C@H]([C@@H](O1)O[C@@H]2[C@H](OC([C@@H]([C@H]2O)O)O)CO)O)O)O)O,342.1162,C12H22O11,439178,CHEBI:17057
C00187,C[C@H](CCCC(C)C)[C@H]1CC[C@@H]2[C@@]1(CC[C@H]3[C@H]2CC=C4[C@@]3(CC[C@@H](C4)O)C)C,386.3549,C27H46O,5997,CHEBI:16113
C00188,C[C@H]([C@@H](C(=O)O)N)O,119.0582,C4H9NO3,6288,CHEBI:16857
C00189,C(CO)N,61.0528,C2H7NO,700,CHEBI:16000
C00191,[C@@H]1([C@@H]([C@H](OC([C@@H]1O)O)C(=O)O)O)O,194.0427,C6H10O7,94715,CHEBI:47952
C00196,C1=CC(=C(C(=C1)O)O)C(=O)O,154.0266,C7H6O4,19,CHEBI:18026
C00197,C([C@H](C(=O)O)O)OP(=O)(O)O,185.9929,C3H7O7P,439183,CHEBI:17794
C00198,C([C@@H]1[C@H]([C@@H]([C@H](C(=O)O1)O)O)O)O,178.0477,C6H10O6,7027,CHEBI:16217
C00208,C([C@@H]1[C@H]([C@@H]([C@H]([C@H](O1)O[C@@H]2[C@H](OC([C@@H]([C@H]2O)O)O)CO)O)O)O)O,342.1162,C12H22O11,439186,CHEBI:17306
C00213,CNCC(=O)O,89.0477,C3H7NO2,1088,CHEBI:15611
C00214,CC1=CN(C(=O)NC1=O)[C@H]2C[C@@H]([C@H](O2)CO)O,242.0903,C10H14N2O5,5789,CHEBI:17748
C00219,CCCCC/C=C\C/C=C\C/C=C\C/C=C\CCCC(=O)O,304.2402,C20H32O2,444899,CHEBI:15843
C00227,CC(=O)OP(=O)(O)O,139.9875,C2H5O5P,186,CHEBI:15350
C00230,C1=CC(=C(C=C1C(=O)O)O)O,154.0266,C7H6O4,72,NA
C00233,CC(C)CC(=O)C(=O)O,130.063,C6H10O3,70,NA
C00239,C1[C@@H]([C@H](O[C@H]1N2C=CC(=NC2=O)N)COP(=O)(O)O)O,307.0569,C9H14N3O7P,13945,CHEBI:15918
C00243,C([C@@H]1[C@@H]([C@@H]([C@H]([C@@H](O1)O[C@@H]2[C@H](OC([C@@H]([C@H]2O)O)O)CO)O)O)O)O,342.1162,C12H22O11,440995,CHEBI:17716
C00245,C(CS(=O)(=O)O)N,125.0147,C2H7NO3S,1123,CHEBI:15891
C00246,CCCC(=O)O,88.0524,C4H8O2,264,CHEBI:30772
C00248,C1CSSC1CCCCC(=O)N,205.0595,C8H15NOS2,863,CHEBI:17460
C00249,CCCCCCCCCCCCCCCC(=O)O,256.2402,C16H32O2,985,CHEBI:15756
C00250,CC1=NC=C(C(=C1O)C=O)CO,167.0582,C8H9NO3,1050,CHEBI:17310
C00251,C=C(C(=O)O)O[C@@H]1C=C(C=C[C@H]1O)C(=O)O,226.0477,C10H10O6,12039,CHEBI:17333
C00252,C([C@@H]1[C@H]([C@@H]([C@H]([C@H](O1)OC[C@@H]2[C@H]([C@@H]([C@H](C(O2)O)O)O)O)O)O)O)O,342.1162,C12H22O11,439193,CHEBI:28189
C00253,C1=CC(=CN=C1)C(=O)O,123.032,C6H5NO2,938,CHEBI:15940
C00255,CC1=CC2=C(C=C1C)N(C3=NC(=O)NC(=O)C3=N2)C[C@@H]([C@@H]([C@@H](CO)O)O)O,376.1383,C17H20N4O6,493570,CHEBI:17015
C00257,C([C@H]([C@H]([C@@H]([C@H](C(=O)O)O)O)O)O)O,196.0583,C6H12O7,10690,CHEBI:33198
C00258,C([C@H](C(=O)O)O)O,106.0266,C3H6O4,439194,CHEBI:32398
C00262,C1=NC2=C(N1)C(=O)N=CN2,136.0385,C5H4N4O,790,CHEBI:17368
C00263,C(CO)[C@@H](C(=O)O)N,119.0582,C4H9NO3,12647,CHEBI:15699
C00265,C([C@@H]([C@H](CS)O)O)S,154.0122,C4H10O2S2,439196,NA
C00270,CC(=O)N[C@@H]1[C@H](CC(O[C@H]1[C@@H]([C@@H](CO)O)O)(C(=O)O)O)O,309.106,C11H19NO9,439197,CHEBI:17012
C00272,C[C@@H]([C@@H]([C@H]1CNC2=C(N1)C(=O)N=C(N2)N)O)O,241.1175,C9H15N5O3,44257,CHEBI:59560
C00275,C([C@@H]1[C@H]([C@@H]([C@@H](C(O1)O)O)O)O)OP(=O)(O)O,260.0297,C6H13O9P,65127,CHEBI:48066
C00279,C([C@H]([C@H](C=O)O)O)OP(=O)(O)O,200.0086,C4H9O7P,122357,CHEBI:48153
C00280,C[C@]12CCC(=O)C=C1CC[C@@H]3[C@@H]2CC[C@]4([C@H]3CCC4=O)C,286.1933,C19H26O2,6128,CHEBI:16422
C00284,C(CN(CC(=O)O)CC(=O)O)N(CC(=O)O)CC(=O)O,292.0907,C10H16N2O8,5232305,NA
C00294,C1=NC(=O)C2=C(N1)N(C=N2)[C@H]3[C@@H]([C@@H]([C@H](O3)CO)O)O,268.0808,C10H12N4O5,6021,CHEBI:17596
C00295,C1=C(NC(=O)NC1=O)C(=O)O,156.0171,C5H4N2O4,967,CHEBI:16742
C00299,C1=CN(C(=O)NC1=O)[C@H]2[C@@H]([C@@H]([C@H](O2)CO)O)O,244.0695,C9H12N2O6,6029,CHEBI:16704
C00300,CN(CC(=O)O)C(=N)N,131.0695,C4H9N3O2,586,CHEBI:16919
C00301,C1=NC2=C(C(=N1)N)N=CN2[C@H]3[C@@H]([C@@H]([C@H](O3)COP(=O)(O)OP(=O)(O)OC[C@@H]4[C@H]([C@H]([C@@H](O4)O)O)O)O)O,559.0717,C15H23N5O14P2,445794,NA
C00307,C[N+](C)(C)CCOP(=O)([O-])OP(=O)(O)OC[C@@H]1[C@H]([C@H]([C@@H](O1)N2C=CC(=NC2=O)N)O)O,488.1073,C14H26N4O11P2,11583971,CHEBI:16436
C00308,C(CON=C(N)N)[C@@H](C(=O)O)N,176.0909,C5H12N4O3,439202,CHEBI:405237
C00311,C(C(C(C(=O)O)O)C(=O)O)C(=O)O,192.027,C6H8O7,1198,CHEBI:30887
C00314,CC1=NC=C(C(=C1O)CO)CO,169.0739,C8H11NO3,1054,CHEBI:16709
C00315,C(CCNCCCN)CN,145.1579,C7H19N3,1102,CHEBI:16610
C00318,C[N+](C)(C)C[C@@H](CC(=O)[O-])O,161.1052,C7H15NO3,10917,CHEBI:16347
C00319,CCCCCCCCCCCCC/C=C/[C@H]([C@H](CO)N)O,299.2824,C18H37NO2,5280335,CHEBI:16393
C00322,C(CC(=O)C(=O)O)CC(=O)O,160.0372,C6H8O5,71,CHEBI:15753
C00325,C[C@H]1[C@H]([C@H]([C@@H]([C@H](O1)OP(=O)(O)OP(=O)(O)OC[C@@H]2[C@H]([C@H]([C@@H](O2)N3C=NC4=C3NC(=NC4=O)N)O)O)O)O)O,589.0822,C16H25N5O15P2,10918995,CHEBI:13332
C00327,C(C[C@@H](C(=O)O)N)CNC(=O)N,175.0957,C6H13N3O3,6992098,CHEBI:16349
C00328,C1=CC=C(C(=C1)C(=O)C[C@@H](C(=O)O)N)N,208.0848,C10H12N2O3,161166,CHEBI:16946
C00330,C1[C@@H]([C@H](O[C@H]1N2C=NC3=C2NC(=NC3=O)N)CO)O,267.0968,C10H13N5O4,187790,CHEBI:17172
C00331,C1=CC=C2C(=C1)C(=CN2)CC(=O)C(=O)O,203.0582,C11H9NO3,803,CHEBI:29750
C00332,CC(=O)CC(=O)SCCNC(=O)CCNC(=O)[C@@H](C(C)(C)COP(=O)(O)OP(=O)(O)OC[C@@H]1[C@H]([C@H]([C@@H](O1)N2C=NC3=C2N=CN=C3N)O)OP(=O)(O)O)O,851.1363,C25H40N7O18P3S,92153,CHEBI:15345
C00334,C(CC(=O)O)CN,103.0633,C4H9NO2,119,CHEBI:16865
C00337,C1[C@H](NC(=O)NC1=O)C(=O)O,158.0328,C5H6N2O4,439216,CHEBI:17025
C00345,C([C@H]([C@H]([C@@H]([C@H](C(=O)O)O)O)O)O)OP(=O)(O)O,276.0246,C6H13O10P,91493,NA
C00346,C(COP(=O)(O)O)N,141.0191,C2H8NO4P,1015,CHEBI:17553
C00352,C([C@@H]1[C@H]([C@@H]([C@H](C(O1)O)N)O)O)OP(=O)(O)O,259.0457,C6H14NO8P,440997,CHEBI:47987
C00353,CC(=CCC/C(=C/CC/C(=C/CC/C(=C/COP(=O)(O)OP(=O)(O)O)/C)/C)/C)C,450.1936,C20H36O7P2,447277,NA
C00355,C1=CC(=C(C=C1C[C@@H](C(=O)O)N)O)O,197.0688,C9H11NO4,6047,CHEBI:15765
C00356,C[C@](CC(=O)O)(CC(=O)SCCNC(=O)CCNC(=O)[C@@H](C(C)(C)COP(=O)(O)OP(=O)(O)OC[C@@H]1[C@H]([C@H]([C@@H](O1)N2C=NC3=C2N=CN=C3N)O)OP(=O)(O)O)O)O,911.1575,C27H44N7O20P3S,445127,CHEBI:15467
C00357,CC(=O)N[C@@H]1[C@H]([C@@H]([C@H](OC1O)COP(=O)(O)O)O)O,301.0563,C8H16NO9P,440996,CHEBI:15784
C00361,C1[C@@H]([C@H](O[C@H]1N2C=NC3=C2NC(=NC3=O)N)COP(=O)(O)OP(=O)(O)O)O,427.0294,C10H15N5O10P2,439220,CHEBI:28862
C00362,C1[C@@H]([C@H](O[C@H]1N2C=NC3=C2NC(=NC3=O)N)COP(=O)(O)O)O,347.0631,C10H14N5O7P,65059,CHEBI:16192
C00363,CC1=CN(C(=O)NC1=O)[C@H]2C[C@@H]([C@H](O2)COP(=O)(O)OP(=O)(O)O)O,402.0229,C10H16N2O11P2,164628,CHEBI:18075
C00364,CC1=CN(C(=O)NC1=O)[C@H]2C[C@@H]([C@H](O2)COP(=O)(O)O)O,322.0566,C10H15N2O8P,9700,CHEBI:17013
C00365,C1[C@@H]([C@H](O[C@H]1N2C=CC(=O)NC2=O)COP(=O)(O)O)O,308.041,C9H13N2O8P,65063,CHEBI:17622
C00366,C12=C(NC(=O)N1)NC(=O)NC2=O,168.0283,C5H4N4O3,1175,CHEBI:17775
C00371,C/C(=C\CNC1=NC=NC2=C1NC=N2)/CO,219.112,C10H13N5O,449093,CHEBI:15333
C00376,CC1=C(C(CCC1)(C)C)/C=C/C(=C/C=C/C(=C/C=O)/C)/C,284.214,C20H28O,638015,CHEBI:17898
C00378,CC1=C(SC=[N+]1CC2=CN=C(N=C2N)C)CCO,265.1123,C12H17N4OS,1130,CHEBI:18385
C00379,C([C@H](C([C@H](CO)O)O)O)O,152.0685,C5H12O5,NA,CHEBI:17151
C00380,C1=C(NC(=O)N=C1)N,111.0433,C4H5N3O,597,CHEBI:16040
C00383,C(C(=O)O)C(=O)O,104.011,C3H4O4,23511544,CHEBI:30794
C00385,C1=NC2=C(N1)C(=O)NC(=O)N2,152.0334,C5H4N4O2,1188,CHEBI:17712
C00386,C1=C(NC=N1)C[C@@H](C(=O)O)NC(=O)CCN,226.1066,C9H14N4O3,439224,CHEBI:15727
C00388,C1=C(NC=N1)CCN,111.0796,C5H9N3,774,CHEBI:18295
C00389,C1=CC(=C(C=C1C2=C(C(=O)C3=C(C=C(C=C3O2)O)O)O)O)O,302.0427,C15H10O7,5280343,CHEBI:16243
C00392,C([C@H]([C@H]([C@@H]([C@@H](CO)O)O)O)O)O,182.079,C6H14O6,6251,CHEBI:16899
C00398,C1=CC=C2C(=C1)C(=CN2)CCN,160.1,C10H12N2,1150,CHEBI:16765
C00402,C([C@H](C(=O)O)N)C(=O)O,133.0375,C4H7NO4,83887,CHEBI:17364
C00407,CC[C@H](C)[C@@H](C(=O)O)N,131.0946,C6H13NO2,6306,CHEBI:17191
C00408,C1CCN[C@@H](C1)C(=O)O,129.079,C6H11NO2,439227,CHEBI:30913
C00410,CC(=O)[C@H]1CC[C@@H]2[C@@]1(CC[C@H]3[C@H]2CCC4=CC(=O)CC[C@]34C)C,314.2246,C21H30O2,5994,CHEBI:17026
C00412,CCCCCCCCCCCCCCCCCC(=O)SCCNC(=O)CCNC(=O)[C@@H](C(C)(C)COP(=O)(O)OP(=O)(O)OC[C@@H]1[C@H]([C@H]([C@@H](O1)N2C=NC3=C2N=CN=C3N)O)OP(=O)(O)O)O,1033.3762,C39H70N7O17P3S,94140,CHEBI:15541
C00415,C1C(=NC2=C(N1)NC(=NC2=O)N)CNC3=CC=C(C=C3)C(=O)N[C@@H](CCC(=O)O)C(=O)O,443.1553,C19H21N7O6,98792,CHEBI:15633
C00417,C(/C(=C/C(=O)O)/C(=O)O)C(=O)O,174.0164,C6H6O6,643757,CHEBI:32805
C00423,C1=CC=C(C=C1)/C=C/C(=O)O,148.0524,C9H8O2,444539,CHEBI:27386
C00429,C1CNC(=O)NC1=O,114.0429,C4H6N2O2,649,CHEBI:15901
C00430,C(CC(=O)O)C(=O)CN,131.0582,C5H9NO3,137,CHEBI:17549
C00431,C(CCN)CC(=O)O,117.079,C5H11NO2,138,CHEBI:15887
C00438,C([C@@H](C(=O)O)NC(=O)N)C(=O)O,176.0433,C5H8N2O5,93072,CHEBI:15859
C00440,CN1[C@H](CNC2=C1C(=O)N=C(N2)N)CNC3=CC=C(C=C3)C(=O)N[C@@H](CCC(=O)O)C(=O)O,459.1866,C20H25N7O6,9825434,NA
C00449,C(CCN[C@@H](CCC(=O)O)C(=O)O)C[C@@H](C(=O)O)N,276.1321,C11H20N2O6,160556,CHEBI:16927
C00455,C1=CC(=C[N+](=C1)[C@H]2[C@@H]([C@@H]([C@H](O2)COP(=O)(O)[O-])O)O)C(=O)N,334.0566,C11H15N2O8P,14180,CHEBI:16171
C00460,C1[C@@H]([C@H](O[C@H]1N2C=CC(=O)NC2=O)COP(=O)(O)OP(=O)(O)OP(=O)(O)O)O,467.9736,C9H15N2O14P3,65070,CHEBI:17625
C00466,CC(C(=O)C)O,88.0524,C4H8O2,179,CHEBI:15688
C00468,C[C@]12CC[C@H]3[C@H]([C@@H]1CCC2=O)CCC4=C3C=CC(=C4)O,270.162,C18H22O2,5870,CHEBI:17263
C00472,C1=CC(=O)C=CC1=O,108.0211,C6H4O2,4650,CHEBI:16509
C00473,CC1=C(C(CCC1)(C)C)/C=C/C(=C/C=C/C(=C/CO)/C)/C,286.2297,C20H30O,445354,CHEBI:17336
C00474,C([C@H](C([C@H](CO)O)O)O)O,152.0685,C5H12O5,NA,CHEBI:15963
C00475,C1=CN(C(=O)N=C1N)[C@H]2[C@@H]([C@@H]([C@H](O2)CO)O)O,243.0855,C9H13N3O5,6175,CHEBI:17562
C00482,COC1=CC(=CC(=C1O)OC)/C=C/C(=O)O,224.0685,C11H12O5,637775,CHEBI:15714
C00483,C1=CC(=CC=C1CCN)O,137.0841,C8H11NO,5610,CHEBI:15760
C00489,C(CC(=O)O)CC(=O)O,132.0423,C5H8O4,23322899,CHEBI:17859
C00490,C=C(CC(=O)O)C(=O)O,130.0266,C5H6O4,811,CHEBI:30838
C00491,C([C@@H](C(=O)O)N)SSC[C@@H](C(=O)O)N,240.0238,C6H12N2O4S2,67678,CHEBI:16283
C00492,C([C@@H]1[C@@H]([C@@H]([C@H]([C@H](O1)OC[C@@H]2[C@H]([C@@H]([C@H]([C@H](O2)O[C@]3([C@H]([C@@H]([C@H](O3)CO)O)O)CO)O)O)O)O)O)O)O,504.169,C18H32O16,439242,CHEBI:16634
C00499,C(C(=O)O)(NC(=O)N)NC(=O)N,176.0546,C4H8N4O4,203,CHEBI:30837
C00500,CC\1=C(/C(=C/C2=C(C(=C(N2)/C=C\3/C(=C(C(=O)N3)C)C=C)C)CCC(=O)O)/N/C1=C\C4=NC(=O)C(=C4C)C=C)CCC(=O)O,582.2478,C33H34N4O6,NA,CHEBI:17033
C00503,C([C@H]([C@H](CO)O)O)O,122.0579,C4H10O4,222285,CHEBI:17113
C00504,C1=CC(=CC=C1C(=O)N[C@@H](CCC(=O)O)C(=O)O)NCC2=CN=C3C(=N2)C(=O)N=C(N3)N,441.1397,C19H19N7O6,6037,CHEBI:27470
C00506,C([C@@H](C(=O)O)N)S(=O)(=O)O,169.0045,C3H7NO5S,72886,CHEBI:17285
C00509,C1[C@H](OC2=CC(=CC(=C2C1=O)O)O)C3=CC=C(C=C3)O,272.0685,C15H12O5,439246,CHEBI:17846
C00510,CCCCCCCC/C=C\CCCCCCCC(=O)SCCNC(=O)CCNC(=O)[C@@H](C(C)(C)COP(=O)(O)OP(=O)(O)OC[C@@H]1[C@H]([C@H]([C@@H](O1)N2C=NC3=C2N=CN=C3N)O)OP(=O)(O)O)O,1031.3605,C39H68N7O17P3S,5497111,CHEBI:15534
C00517,CCCCCCCCCCCCCCCC=O,240.2453,C16H32O,984,CHEBI:17600
C00519,C(CS(=O)O)N,109.0197,C2H7NO2S,107812,CHEBI:16668
C00523,C[C@]12CC[C@H](C[C@@H]1CC[C@@H]3[C@@H]2CC[C@]4([C@H]3CCC4=O)C)O,290.2246,C19H30O2,5879,CHEBI:16032
C00526,C1[C@@H]([C@H](O[C@H]1N2C=CC(=O)NC2=O)CO)O,228.0746,C9H12N2O5,13712,CHEBI:16450
C00527,CC(C)(COP(=O)(O)OP(=O)(O)OC[C@@H]1[C@H]([C@H]([C@@H](O1)N2C=NC3=C2N=CN=C3N)O)OP(=O)(O)O)[C@H](C(=O)NCCC(=O)NCCSC(=O)CCCC(=O)O)O,881.1469,C26H42N7O19P3S,3081383,CHEBI:15524
C00530,C1=CC(=CC=C1O)O,110.0368,C6H6O2,785,CHEBI:17594
C00534,CC1=NC=C(C(=C1O)CN)CO,168.0899,C8H12N2O2,1052,CHEBI:16410
C00535,C[C@]12CC[C@H]3[C@H]([C@@H]1CC[C@@H]2O)CCC4=CC(=O)CC[C@]34C,288.2089,C19H28O2,6013,CHEBI:17347
C00542,C(CSCC(C(=O)O)N)C(C(=O)O)N,222.0674,C7H14N2O4S,4083111,CHEBI:17755
C00544,C1=CC(=C(C=C1O)CC(=O)O)O,168.0423,C8H8O4,780,NA
C00547,C1=CC(=C(C=C1[C@H](CN)O)O)O,169.0739,C8H11NO3,439260,CHEBI:18357
C00548,CC(=O)OC1=CC=CC=C1,136.0524,C8H8O2,31229,CHEBI:8082
C00552,[C@@H]([C@@H](C(=O)O)O)(C(=O)O)O,150.0164,C4H6O6,447315,CHEBI:15673
C00559,C1[C@@H]([C@H](O[C@H]1N2C=NC3=C2N=CN=C3N)CO)O,251.1018,C10H13N5O3,13730,CHEBI:17256
C00561,C1=CC=C(C=C1)[C@H](C#N)O,133.0528,C8H7NO,9548674,CHEBI:18450
C00568,C1=CC(=CC=C1C(=O)O)N,137.0477,C7H7NO2,7057990,CHEBI:30753
C00570,C1=CN(C(=O)N=C1N)[C@H]2[C@@H]([C@@H]([C@H](O2)COP(=O)(O)OP(=O)(O)OCCN)O)O,446.0604,C11H20N4O11P2,123727,CHEBI:16732
C00571,C1CCC(CC1)N,99.1048,C6H13N,7965,CHEBI:15773
C00576,C[N+](C)(C)CC=O,102.0919,C5H12NO,249,CHEBI:15710
C00581,C(C(=O)O)N=C(N)N,117.0538,C3H7N3O2,3946848,CHEBI:16344
C00584,CCCCC[C@@H](/C=C/[C@H]1[C@@H](CC(=O)[C@@H]1C/C=C\CCCC(=O)O)O)O,352.225,C20H32O5,5280360,CHEBI:15551
C00587,C1=CC(=CC(=C1)O)C(=O)O,138.0317,C7H6O3,7420,CHEBI:30764
C00588,C[N+](C)(C)CCOP(=O)(O)O,184.0739,C5H15NO4P,1014,CHEBI:18132
C00590,COC1=C(C=CC(=C1)/C=C/CO)O,180.0786,C10H12O3,1549095,CHEBI:17745
C00606,C([C@@H](C(=O)O)N)S(=O)O,153.0096,C3H7NO4S,1549098,CHEBI:16345
C00611,CC(=O)N[C@@H]1[C@H]([C@@H]([C@H](O[C@H]1O)CO)O[C@H]2[C@@H]([C@H]([C@H]([C@H](O2)CO)O)O)O)O,383.1428,C14H25NO11,439271,CHEBI:16153
C00624,CC(=O)N[C@@H](CCC(=O)O)C(=O)O,189.0637,C7H11NO5,70914,CHEBI:17533
C00627,CC1=NC=C(C(=C1O)CO)COP(=O)(O)O,249.0402,C8H12NO6P,1055,CHEBI:28803
C00630,CC(C)C(=O)SCCNC(=O)CCNC(=O)[C@@H](C(C)(C)COP(=O)(O)OP(=O)(O)OC[C@@H]1[C@H]([C@H]([C@@H](O1)N2C=NC3=C2N=CN=C3N)O)OP(=O)(O)O)O,837.1571,C25H42N7O17P3S,3036931,CHEBI:15479
C00631,C([C@H](C(=O)O)OP(=O)(O)O)O,185.9929,C3H7O7P,439278,CHEBI:17835
C00632,C1=CC(=C(C(=C1)O)N)C(=O)O,153.0426,C7H7NO3,86,CHEBI:15793
C00636,C([C@@H]1[C@H]([C@@H]([C@@H]([C@H](O1)OP(=O)(O)O)O)O)O)O,260.0297,C6H13O9P,439279,CHEBI:18205
C00642,C1=CC(=CC=C1CC(=O)O)O,152.0473,C8H8O3,127,CHEBI:18101
C00645,CC(=O)N[C@H]1[C@H]([C@@H]([C@H](OC1O)CO)O)O,221.0899,C8H15NO6,439281,CHEBI:63153
C00647,CC1=NC=C(C(=C1O)CN)COP(=O)(O)O,248.0562,C8H13N2O5P,1053,CHEBI:18335
C00655,C1=NC2=C(N1[C@H]3[C@@H]([C@@H]([C@H](O3)COP(=O)(O)O)O)O)NC(=O)NC2=O,364.042,C10H13N4O9P,73323,CHEBI:15652
C00666,C(C[C@@H](C(=O)O)N)C[C@@H](C(=O)O)N,190.0954,C7H14N2O4,1549100,CHEBI:16026
C00669,C(CC(=O)N[C@@H](CS)C(=O)O)[C@@H](C(=O)O)N,250.0623,C8H14N2O5S,123938,NA
C00670,C[N+](C)(C)CCOP(=O)(O)OC[C@@H](CO)O,258.1106,C8H21NO6P,439285,NA
C00674,C[C@]12CCC(=O)C[C@@H]1CC[C@@H]3[C@@H]2CC[C@]4([C@H]3CCC4=O)C,288.2089,C19H28O2,222865,CHEBI:15994
C00695,C[C@H](CCC(=O)O)[C@H]1CC[C@@H]2[C@@]1([C@H](C[C@H]3[C@H]2[C@@H](C[C@H]4[C@@]3(CC[C@H](C4)O)C)O)O)C,408.2876,C24H40O5,221493,CHEBI:16359
C00696,CCCCC[C@@H](/C=C/[C@@H]1[C@H]([C@H](CC1=O)O)C/C=C\CCCC(=O)O)O,352.225,C20H32O5,448457,CHEBI:15555
C00705,C1[C@@H]([C@H](O[C@H]1N2C=CC(=NC2=O)N)COP(=O)(O)OP(=O)(O)O)O,387.0233,C9H15N3O10P2,150855,CHEBI:28846
C00712,CCCCCCCC/C=C\CCCCCCCC(=O)O,282.2559,C18H34O2,445639,CHEBI:16196
C00716,C(C(C(=O)O)N)O,105.0426,C3H7NO3,617,CHEBI:17822
C00719,C[N+](C)(C)CC(=O)[O-],117.079,C5H11NO2,247,CHEBI:17750
C00725,C1CSSC1CCCCC(=O)O,206.0435,C8H14O2S2,864,CHEBI:16494
C00735,C[C@]12CCC(=O)C=C1CC[C@@H]3[C@@H]2[C@H](C[C@]4([C@H]3CC[C@@]4(C(=O)CO)O)C)O,362.2093,C21H30O5,5754,CHEBI:17650
C00741,CC(=O)C(=O)C,86.0368,C4H6O2,650,CHEBI:16583
C00745,CN1CCC[C@H]1C2=CN=CC=C2,162.1157,C10H14N2,89594,CHEBI:17688
C00746,CC[C@H](C)[C@H]1C(=O)N[C@H](C(=O)N[C@H](C(=O)N[C@@H](CSSC[C@@H](C(=O)N[C@H](C(=O)N1)CC2=CC=C(C=C2)O)N)C(=O)N3CCC[C@H]3C(=O)N[C@@H](CC(C)C)C(=O)NCC(=O)N)CC(=O)N)CCC(=O)N,1006.4365,C43H66N12O12S2,439302,CHEBI:7872
C00750,C(CCNCCCN)CNCCCN,202.2157,C10H26N4,1103,CHEBI:15746
C00751,CC(=CCC/C(=C/CC/C(=C/CC/C=C(/CC/C=C(/CCC=C(C)C)\C)\C)/C)/C)C,410.3913,C30H50,638072,CHEBI:15440
C00755,COC1=C(C=CC(=C1)C=O)O,152.0473,C8H8O3,1183,CHEBI:18346
C00762,C[C@]12CCC(=O)C=C1CC[C@@H]3[C@@H]2C(=O)C[C@]4([C@H]3CC[C@@]4(C(=O)CO)O)C,360.1937,C21H28O5,222786,CHEBI:16962
C00763,C1C[C@@H](NC1)C(=O)O,115.0633,C5H9NO2,6971012,CHEBI:16313
C00777,CC1=C(C(CCC1)(C)C)/C=C/C(=C/C=C/C(=C/C(=O)O)/C)/C,300.2089,C20H28O2,444795,CHEBI:15367
C00780,C1=CC2=C(C=C1O)C(=CN2)CCN,176.095,C10H12N2O,5202,CHEBI:28790
C00785,C1=C(NC=N1)/C=C/C(=O)O,138.0429,C6H6N2O2,736715,CHEBI:27248
C00788,CNC[C@@H](C1=CC(=C(C=C1)O)O)O,183.0895,C9H13NO3,5816,CHEBI:28918
C00791,CN1CC(=O)N=C1N,113.0589,C4H7N3O,588,CHEBI:16737
C00794,C([C@H]([C@H]([C@@H]([C@H](CO)O)O)O)O)O,182.079,C6H14O6,5780,CHEBI:17924
C00795,C1[C@H]([C@@H]([C@@H](C(O1)(CO)O)O)O)O,180.0634,C6H12O6,439312,CHEBI:4249
C00803,CCCCC(=O)O,102.0681,C5H10O2,7991,CHEBI:17418
C00805,C1=CC=C(C(=C1)C(=O)O)O,138.0317,C7H6O3,338,CHEBI:16914
C00811,C1=CC(=CC=C1/C=C/C(=O)O)O,164.0473,C9H8O3,637542,CHEBI:32374
C00813,C1C(=O)NC(=O)NC1=O,128.0222,C4H4N2O3,6211,CHEBI:16294
C00814,COC1=CC=C(C=C1)C2=COC3=CC(=CC(=C3C2=O)O)O,284.0685,C16H12O5,5280373,CHEBI:17574
C00815,CC(CC(=O)O)(C(=O)O)O,148.0372,C5H8O5,1081,CHEBI:15584
C00818,[C@H]([C@@H]([C@@H](C(=O)O)O)O)([C@H](C(=O)O)O)O,210.0376,C6H10O8,33037,CHEBI:16002
C00829,C1=CC=C2C=CC=CC2=C1,128.0626,C10H8,931,CHEBI:16482
C00831,CC(C)(CO)[C@H](C(=O)NCCC(=O)NCCS)O,278.13,C11H22N2O4S,439322,CHEBI:16753
C00835,C[C@@H](C(=O)C1=NC2=C(NC1)NC(=NC2=O)N)O,237.0862,C9H11N5O3,65253,NA
C00836,CCCCCCCCCCCCCCC[C@H]([C@H](CO)N)O,301.2981,C18H39NO2,91486,CHEBI:16566
C00844,C1=CC=C(C=C1)[C@H](C#N)O[C@H]2[C@@H]([C@H]([C@@H]([C@H](O2)CO)O)O)O,295.1056,C14H17NO6,119033,CHEBI:17396
C00847,CC1=NC=C(C(=C1O)C(=O)O)CO,183.0532,C8H9NO4,6723,CHEBI:17405
C00852,C1[C@H]([C@H]([C@@H](C[C@@]1(C(=O)O)O)OC(=O)/C=C/C2=CC(=C(C=C2)O)O)O)O,354.0951,C16H18O9,1794427,CHEBI:16112
C00857,C1=CC(=C[N+](=C1)[C@H]2[C@@H]([C@@H]([C@H](O2)COP(=O)(O)OP(=O)(O)OC[C@@H]3[C@H]([C@H]([C@@H](O3)N4C=NC5=C4N=CN=C5N)O)O)O)O)C(=O)O,665.101,C21H27N6O15P2,165491,NA
C00858,COC1=CC=C(C=C1)C2=COC3=C(C2=O)C=CC(=C3)O,268.0736,C16H12O4,5280378,CHEBI:18088
C00860,C1=C(NC=N1)C[C@@H](CO)N,141.0902,C6H11N3O,165271,CHEBI:16255
C00864,CC(C)(CO)[C@H](C(=O)NCCC(=O)O)O,219.1107,C9H17NO5,6613,NA
C00879,[C@@H]([C@@H]([C@H](C(=O)O)O)O)([C@@H](C(=O)O)O)O,210.0376,C6H10O8,3037582,CHEBI:30852
C00881,C1[C@@H]([C@H](O[C@H]1N2C=CC(=NC2=O)N)CO)O,227.0906,C9H13N3O4,13711,CHEBI:15698
C00882,CC(C)(COP(=O)(O)OP(=O)(O)OC[C@@H]1[C@H]([C@H]([C@@H](O1)N2C=NC3=C2N=CN=C3N)O)O)[C@H](C(=O)NCCC(=O)NCCS)O,687.1489,C21H35N7O13P2S,444485,CHEBI:15468
C00906,CC1CNC(=O)NC1=O,128.0586,C5H8N2O2,93556,CHEBI:27468
C00918,C1=CC(=CC=C1[C@H]([C@@H](CO)NC(=O)C(Cl)Cl)O)[N+](=O)[O-],322.0123,C11H12Cl2N2O5,5959,CHEBI:17698
C00931,C1=C(C(=C(N1)CN)CC(=O)O)CCC(=O)O,226.0954,C10H14N2O4,1021,CHEBI:17381
C00951,C[C@]12CC[C@H]3[C@H]([C@@H]1CC[C@@H]2O)CCC4=C3C=CC(=C4)O,272.1776,C18H24O2,5757,CHEBI:16469
C00954,C1=CC=C2C(=C1)C(=CN2)CC(=O)O,175.0633,C10H9NO2,802,CHEBI:16411
C00955,C1=CC=C2C(=C1)C(=CN2)CCO,161.0841,C10H11NO,10685,CHEBI:17890
C00956,C(C[C@@H](C(=O)O)N)CC(=O)O,161.0688,C6H11NO4,59066632,CHEBI:37023
C00957,C(C(=O)C(=O)O)S,119.9881,C3H4O3S,98,CHEBI:16208
C00959,CCCCC[C@@H](/C=C/C1=C(C(=O)CC1)CCCCCCC(=O)O)O,336.2301,C20H32O4,5280388,CHEBI:27624
C00961,COC1=C2C(=C3[C@@H]4C=CO[C@@H]4OC3=C1)OC5=C(C2=O)C(=CC=C5)O,324.0634,C18H12O6,5280389,CHEBI:18227
C00978,CC(=O)NCCC1=CNC2=C1C=C(C=C2)O,218.1055,C12H14N2O2,903,CHEBI:17697
C00979,CC(=O)OC[C@@H](C(=O)O)N,147.0532,C5H9NO4,6971051,CHEBI:17981
C00986,C(CN)CN,74.0844,C3H10N2,428,CHEBI:15725
C00993,C[C@H](C(=O)N[C@H](C)C(=O)O)N,160.0848,C6H12N2O3,20112020,NA
C01005,C([C@@H](C(=O)O)N)OP(=O)(O)O,185.0089,C3H8NO6P,57689797,CHEBI:15811
C01013,C(CO)C(=O)O,90.0317,C3H6O3,68152,CHEBI:33404
C01017,C1=CC2=C(C=C1O)C(=CN2)CC(C(=O)O)N,220.0848,C11H12N2O3,144,CHEBI:28171
C01020,C1=CC(=O)NC=C1C(=O)O,139.0269,C6H5NO3,72924,CHEBI:16168
C01026,CN(C)CC(=O)O,103.0633,C4H9NO2,673,CHEBI:17724
C01029,CC(=O)NCCCCNCCCN,187.1685,C9H21N3O,123689,NA
C01035,C(CC(=O)O)CN=C(N)N,145.0851,C5H11N3O2,25200642,CHEBI:15728
C01040,C([C@@H]([C@@H]1[C@@H]([C@@H](C(=O)O1)O)O)O)O,178.0477,C6H10O6,439373,CHEBI:17587
C01042,CC(=O)N[C@@H](CC(=O)O)C(=O)O,175.0481,C6H9NO5,65065,CHEBI:21547
C01081,CC1=C(SC=[N+]1CC2=CN=C(N=C2N)C)CCOP(=O)(O)O,345.0786,C12H18N4O4PS,1131,NA
C01083,C([C@@H]1[C@H]([C@@H]([C@H]([C@H](O1)O[C@@H]2[C@@H]([C@H]([C@@H]([C@H](O2)CO)O)O)O)O)O)O)O,342.1162,C12H22O11,7427,CHEBI:16551
C01089,C[C@H](CC(=O)O)O,104.0473,C4H8O3,92135,CHEBI:17066
C01092,CC(C(=O)CCCCCC(=O)O)N,187.1208,C9H17NO3,173,CHEBI:15830
C01094,C([C@@H]1[C@H]([C@@H](C(O1)(COP(=O)(O)O)O)O)O)O,260.0297,C6H13O9P,439394,NA
C01100,C1=C(NC=N1)C[C@@H](COP(=O)(O)O)N,221.0565,C6H12N3O4P,439398,CHEBI:16996
C01102,C(COP(=O)(O)O)[C@@H](C(=O)O)N,199.0246,C4H10NO6P,151187,CHEBI:15961
C01104,C[N+](C)(C)[O-],75.0684,C3H9NO,1145,CHEBI:15724
C01108,C1=CC(=C(C(=C1)O)O)O,126.0317,C6H6O3,1057,CHEBI:16164
C01118,C(COC(=O)CCC(=O)O)[C@@H](C(=O)O)N,219.0743,C8H13NO6,439406,CHEBI:16160
C01152,CN1C=NC=C1C[C@@H](C(=O)O)N,169.0851,C7H11N3O2,64969,CHEBI:27596
C01157,C1[C@H](CN[C@@H]1C(=O)O)O,131.0582,C5H9NO3,5810,CHEBI:18095
C01161,C1=CC(=C(C=C1CC(=O)O)O)O,168.0423,C8H8O4,547,NA
C01164,C[C@H](CCCC(C)C)[C@H]1CC[C@@H]2[C@@]1(CC[C@H]3C2=CC=C4[C@@]3(CC[C@@H](C4)O)C)C,384.3392,C27H44O,439423,CHEBI:17759
C01176,CC(=O)[C@]1(CC[C@@H]2[C@@]1(CC[C@H]3[C@H]2CCC4=CC(=O)CC[C@]34C)C)O,330.2195,C21H30O3,6238,CHEBI:17252
C01179,C1=CC(=CC=C1CC(=O)C(=O)O)O,180.0423,C9H8O4,979,CHEBI:15999
C01182,C([C@H]([C@H](C(=O)COP(=O)(O)O)O)O)OP(=O)(O)O,309.9855,C5H12O11P2,123658,CHEBI:16710
C01185,C1=CC(=C[N+](=C1)[C@H]2[C@@H]([C@@H]([C@H](O2)COP(=O)(O)O)O)O)C(=O)O,336.0484,C11H15NO9P,121992,CHEBI:15763
C01189,C[C@H](CCCC(C)C)[C@H]1CC[C@@H]2[C@@]1(CC[C@H]3C2=CC[C@@H]4[C@@]3(CC[C@@H](C4)O)C)C,386.3549,C27H46O,65728,CHEBI:17168
C01216,C([C@H]([C@@H](CO)O)O)C(=O)C(=O)O,178.0477,C6H10O6,194024,CHEBI:17028
C01227,C[C@]12CC[C@H]3[C@H]([C@@H]1CCC2=O)CC=C4[C@@]3(CC[C@@H](C4)O)C,288.2089,C19H28O2,5881,CHEBI:28689
C01231,C([C@@H]1[C@H]([C@@H]([C@H]([C@H](O1)OP(=O)(O)O)O)O)O)OP(=O)(O)O,339.996,C6H14O12P2,82400,CHEBI:18148
C01235,C([C@@H]1[C@@H]([C@@H]([C@H]([C@H](O1)OC2[C@H]([C@H](C([C@H]([C@@H]2O)O)O)O)O)O)O)O)O,342.1162,C12H22O11,NA,NA
C01251,C(C[C@@](CC(=O)O)(C(=O)O)O)C(=O)O,206.0427,C7H10O7,439459,CHEBI:52222
C01260,C1=NC2=C(C(=N1)N)N=CN2[C@H]3[C@@H]([C@@H]([C@H](O3)COP(=O)(O)OP(=O)(O)OP(=O)(O)OP(=O)(O)OC[C@@H]4[C@H]([C@H]([C@@H](O4)N5C=NC6=C5N=CN=C6N)O)O)O)O,836.0483,C20H28N10O19P4,21706,CHEBI:17422
C01261,C1=NC2=C(N1[C@H]3[C@@H]([C@@H]([C@H](O3)COP(=O)(O)OP(=O)(O)OP(=O)(O)OP(=O)(O)OC[C@@H]4[C@H]([C@H]([C@@H](O4)N5C=NC6=C5NC(=NC6=O)N)O)O)O)O)NC(=NC2=O)N,868.0381,C20H28N10O21P4,165186,CHEBI:15883
C01262,CN1C=NC=C1C[C@@H](C(=O)O)NC(=O)CCN,240.1222,C10H16N4O3,112072,CHEBI:18323
C01312,CCCCC[C@@H](/C=C/[C@H]1[C@@H](C[C@H]2[C@@H]1CC(=CCCCC(=O)O)O2)O)O,352.225,C20H32O5,5282411,CHEBI:15552
C01367,C1=NC2=C(C(=N1)N)N=CN2[C@H]3[C@@H]([C@@H]([C@H](O3)CO)OP(=O)(O)O)O,347.0631,C10H14N5O7P,41211,CHEBI:28931
C01384,C(=C\C(=O)O)\C(=O)O,116.011,C4H4O4,444266,CHEBI:18300
C01419,C([C@@H](C(=O)NCC(=O)O)N)S,178.0412,C5H10N2O3S,439498,CHEBI:61694
C01424,C1=C(C=C(C(=C1O)O)O)C(=O)O,170.0215,C7H6O5,370,CHEBI:30778
C01425,C(CC(=O)O)[C@@H](C(=O)N[C@@H](CCC(=O)O)C(=O)O)N,276.0958,C10H16N2O7,439500,CHEBI:5390
C01474,C1=CC=C2C(=C1)C(=O)C3=C(C2=O)C(=C(C=C3)O)O,240.0423,C14H8O4,6293,CHEBI:16866
C01477,C1=CC(=CC=C1C2=CC(=O)C3=C(C=C(C=C3O2)O)O)O,270.0528,C15H10O5,5280443,CHEBI:18388
C01481,C1=CC(=C(C=C1/C=C/C(=O)O)O)O,180.0423,C9H8O4,689043,CHEBI:16433
C01494,COC1=C(C=CC(=C1)/C=C/C(=O)O)O,194.0579,C10H10O4,445858,CHEBI:17620
C01507,C([C@@H]([C@H]([C@@H]([C@H](CO)O)O)O)O)O,182.079,C6H14O6,5460044,CHEBI:18202
C01514,C1=CC(=C(C=C1C2=CC(=O)C3=C(C=C(C=C3O2)O)O)O)O,286.0477,C15H10O6,5280445,CHEBI:15864
C01531,CC\1=C(C2=C(/C1=C\C3=CC=C(C=C3)S(=O)C)C=CC(=C2)F)CC(=O)O,356.0882,C20H17FO3S,1548887,CHEBI:9352
C01541,CC(=O)CC(C1=CC=CC=C1)C2=C(C3=CC=CC=C3OC2=O)O,308.1049,C19H16O4,54678486,CHEBI:10033
C01546,C1=COC(=C1)C(=O)O,112.016,C5H4O3,6919,CHEBI:30845
C01551,C1(C(=O)NC(=O)N1)NC(=O)N,158.044,C4H6N4O3,204,CHEBI:15676
C01561,C[C@H](CCCC(C)(C)O)[C@H]1CC[C@@H]\2[C@@]1(CCC/C2=C\C=C/3\C[C@H](CCC3=C)O)C,400.3341,C27H44O2,5283731,CHEBI:17933
C01571,CCCCCCCCCC(=O)O,172.1463,C10H20O2,2969,CHEBI:30813
C01575,C[C@@H]([C@@H](C1=CC=CC=C1)O)NC,165.1154,C10H15NO,9294,CHEBI:15407
C01585,CCCCCC(=O)O,116.0837,C6H12O2,8892,CHEBI:30776
C01586,C1=CC=C(C=C1)C(=O)NCC(=O)O,179.0582,C9H9NO3,464,CHEBI:18089
C01588,CC(C)CC1=CC=C(C=C1)C(C)C(=O)O,206.1307,C13H18O2,3672,CHEBI:5855
C01589,C1=CN=CN1,68.0374,C3H4N2,795,CHEBI:16069
C01595,CCCCC/C=C\C/C=C\CCCCCCCC(=O)O,280.2402,C18H32O2,5280450,CHEBI:17351
C01598,CC(=O)NCCC1=CNC2=C1C=C(C=C2)OC,232.1212,C13H16N2O2,896,CHEBI:16796
C01601,CCCCCCCCC(=O)O,158.1307,C9H18O2,8158,CHEBI:29019
C01606,C1=CC=C(C(=C1)C(=O)O)C(=O)O,166.0266,C8H6O4,1017,CHEBI:29069
C01607,CC(C)CCCC(C)CCCC(C)CCCC(C)CC(=O)O,312.3028,C20H40O2,26840,CHEBI:16285
C01613,C([C@@H]1[C@@H]([C@@H]([C@H]([C@H](O1)OC[C@@H]2[C@@H]([C@@H]([C@H]([C@H](O2)OC[C@@H]3[C@H]([C@@H]([C@H]([C@H](O3)O[C@]4([C@H]([C@@H]([C@H](O4)CO)O)O)CO)O)O)O)O)O)O)O)O)O)O,666.2219,C24H42O21,439531,CHEBI:17164
C01672,C(CCN)CCN,102.1157,C5H14N2,273,CHEBI:18127
C01674,CC(=O)N[C@@H]1[C@H]([C@@H]([C@H](O[C@H]1O[C@@H]2[C@H](OC([C@@H]([C@H]2O)NC(=O)C)O)CO)CO)O)O,424.1693,C16H28N2O11,439544,CHEBI:28681
C01694,C[C@H](/C=C/[C@H](C)C(C)C)[C@H]1CC[C@@H]2[C@@]1(CC[C@H]3C2=CC=C4[C@@]3(CC[C@@H](C4)O)C)C,396.3392,C28H44O,444679,CHEBI:16933
C01697,C([C@H]([C@@H]([C@@H]([C@H](CO)O)O)O)O)O,182.079,C6H14O6,11850,CHEBI:16813
C01716,CC(C1=CC=CC(=C1)C(=O)C2=CC=CC=C2)C(=O)O,254.0943,C16H14O3,3825,NA
C01717,C1=CC=C2C(=C1)C(=O)C=C(N2)C(=O)O,189.0426,C10H7NO3,3845,CHEBI:18344
C01724,C[C@H](CCC=C(C)C)[C@H]1CC[C@@]2([C@@]1(CCC3=C2CC[C@@H]4[C@@]3(CC[C@@H](C4(C)C)O)C)C)C,426.3862,C30H50O,246983,CHEBI:16521
C01727,CC1=CC2=C(C=C1C)N=C3C(=N2)C(=O)NC(=O)N3,242.0804,C12H10N4O2,5326566,CHEBI:17781
C01728,C([C@@H]1[C@H]([C@@H]([C@@H]([C@H](O1)OC[C@@H]2[C@H]([C@@H]([C@@H]([C@H](O2)O)O)O)O)O)O)O)O,342.1162,C12H22O11,439557,CHEBI:62357
C01732,C/C(=C\C(=O)O)/C(=O)O,130.0266,C5H6O4,638129,CHEBI:16600
C01747,CCCCCCCCCCCCC/C=C/[C@H]([C@H](CO[C@H]1[C@@H]([C@H]([C@H]([C@H](O1)CO)O)O)O)N)O,461.3353,C24H47NO7,5280458,CHEBI:16874
C01750,C[C@H]1[C@@H]([C@H]([C@H]([C@@H](O1)OC2=C(OC3=CC(=CC(=C3C2=O)O)O)C4=CC(=C(C=C4)O)O)O)O)O,448.1006,C21H20O11,5280459,CHEBI:17558
C01751,C1=CC(=CC(=C1)O)O,110.0368,C6H6O2,5054,CHEBI:27810
C01752,COC1=C(C=C2C(=C1)C=CC(=O)O2)O,192.0423,C10H8O4,5280460,CHEBI:17488
C01756,C1=NC2=C(N1)C(=S)N=CN2,152.0157,C5H4N4S,667490,CHEBI:2208
C01762,C1=NC2=C(N1[C@H]3[C@@H]([C@@H]([C@H](O3)CO)O)O)NC(=O)NC2=O,284.0757,C10H12N4O6,64959,CHEBI:18107
C01770,C1CC(=O)OC1,86.0368,C4H6O2,7302,NA
C01772,C1=CC=C(C(=C1)/C=C/C(=O)O)O,164.0473,C9H8O3,637540,CHEBI:18125
C01780,C[C@]12CCC(=O)C=C1CC[C@@H]3[C@@H]2[C@H](C[C@]4([C@H]3CC[C@@H]4C(=O)CO)C=O)O,360.1937,C21H28O5,5839,CHEBI:27584
C01802,C[C@H](CCC=C(C)C)[C@H]1CC[C@@H]2[C@@]1(CC[C@H]3[C@H]2CC=C4[C@@]3(CC[C@@H](C4)O)C)C,384.3392,C27H44O,439577,CHEBI:17737
C01817,C(CSSCC[C@@H](C(=O)O)N)[C@@H](C(=O)O)N,268.0551,C8H16N2O4S2,10010,CHEBI:17485
C01829,C1=C(C=C(C(=C1I)OC2=CC(=C(C(=C2)I)O)I)I)C[C@@H](C(=O)O)N,776.6867,C15H11I4NO4,25201348,CHEBI:18332
C01832,CCCCCCCCCCCC(=O)SCCNC(=O)CCNC(=O)[C@@H](C(C)(C)COP(=O)(O)OP(=O)(O)OC[C@@H]1[C@H]([C@H]([C@@H](O1)N2C=NC3=C2N=CN=C3N)O)OP(=O)(O)O)O,949.2823,C33H58N7O17P3S,165436,CHEBI:15521
C01835,C([C@@H]1[C@H]([C@@H]([C@H]([C@H](O1)O[C@@H]2[C@H](O[C@@H]([C@@H]([C@H]2O)O)O[C@@H]3[C@H](OC([C@@H]([C@H]3O)O)O)CO)CO)O)O)O)O,504.169,C18H32O16,439586,NA
C01850,C1=CC(=C(C=C1C[C@H](C(=O)O)OC(=O)/C=C/C2=CC(=C(C=C2)O)O)O)O,360.0845,C18H16O8,5281792,CHEBI:50371
C01879,C1CC(=O)N[C@@H]1C(=O)O,129.0426,C5H7NO3,7405,CHEBI:18183
C01904,C([C@H](C([C@@H](CO)O)O)O)O,152.0685,C5H12O5,94154,CHEBI:18333
C01909,CC1C(NC(=O)N1)CCCCCC(=O)O,214.1317,C10H18N2O3,643,CHEBI:16691
C01921,C[C@H](CCC(=O)NCC(=O)O)[C@H]1CC[C@@H]2[C@@]1([C@H](C[C@H]3[C@H]2[C@@H](C[C@H]4[C@@]3(CC[C@H](C4)O)C)O)O)C,465.309,C26H43NO6,10140,CHEBI:17687
C01933,CCCC[C@@H](C(=O)O)N,131.0946,C6H13NO2,21236,CHEBI:18347
C01944,CCCCCCCC(=O)SCCNC(=O)CCNC(=O)[C@@H](C(C)(C)COP(=O)(O)OP(=O)(O)OC[C@@H]1[C@H]([C@H]([C@@H](O1)N2C=NC3=C2N=CN=C3N)O)OP(=O)(O)O)O,893.2197,C29H50N7O17P3S,445344,CHEBI:15533
C01953,CC(=O)[C@H]1CC[C@@H]2[C@@]1(CC[C@H]3[C@H]2CC=C4[C@@]3(CC[C@@H](C4)O)C)C,316.2402,C21H32O2,8955,CHEBI:16581
C01965,COC1=CC(=CC(=C1OC)OC)CC2=CN=C(N=C2N)N,290.1379,C14H18N4O3,5578,NA
C01996,CC(=O)OCC[N+](C)(C)C,146.1181,C7H16NO2,187,CHEBI:15355
C02037,C(C(=O)NCC(=O)O)N,132.0535,C4H8N2O3,11163,CHEBI:17201
C02043,C1=CC=C2C(=C1)C(=CN2)CC(C(=O)O)O,205.0739,C11H11NO3,92904,CHEBI:24813
C02052,C([C@@H]1[C@H]([C@@H]([C@H]([C@H](O1)O[C@@H]2[C@H](O[C@@H]([C@@H]([C@H]2O)O)O[C@@H]3[C@H](O[C@@H]([C@@H]([C@H]3O)O)O[C@@H]4[C@H](OC([C@@H]([C@H]4O)O)O)CO)CO)CO)O)O)O)O,666.2219,C24H42O21,439639,NA
C02057,C1=CC=C(C=C1)CC(C(=O)O)N,165.079,C9H11NO2,57397115,CHEBI:28044
C02059,CC1=C(C(=O)C2=CC=CC=C2C1=O)C/C=C(\C)/CCCC(C)CCCC(C)CCCC(C)C,450.3498,C31H46O2,5280483,NA
C02067,C1=C(C(=O)NC(=O)N1)[C@H]2[C@@H]([C@@H]([C@H](O2)CO)O)O,244.0695,C9H12N2O6,15047,CHEBI:17802
C02094,CC1=C(C(CCC1)(C)C)/C=C/C(=C/C=C/C(=C/C=C/C=C(/C=C/C=C(/C=C/C2=C(CCCC2(C)C)C)\C)\C)/C)/C,536.4382,C40H56,5280489,CHEBI:17579
C02140,C[C@]12CCC(=O)C=C1CC[C@@H]3[C@@H]2[C@H](C[C@]4([C@H]3CC[C@@H]4C(=O)CO)C)O,346.2144,C21H30O4,5753,CHEBI:16827
C02155,CC(C)C[C@@H](C(=O)O)NC(=O)CN,188.1161,C8H16N2O3,1548899,CHEBI:73514
C02170,CC(C(=O)O)C(=O)O,118.0266,C4H6O4,487,CHEBI:15849
C02183,C1=C(C=C(C=C1O)O)O,126.0317,C6H6O3,359,CHEBI:16204
C02214,C(/C=C/C(=O)O)C(=O)O,130.0266,C5H6O4,5280498,CHEBI:15670
C02226,C/C(=C/C(=O)O)/C(=O)O,130.0266,C5H6O4,643798,CHEBI:17626
C02291,C(CSC[C@@H](C(=O)O)N)[C@@H](C(=O)O)N,222.0674,C7H14N2O4S,25243997,CHEBI:17482
C02294,CN=C(N)N,73.064,C2H7N3,10111,CHEBI:16628
C02305,CN(CC(=O)O)/C(=N/P(=O)(O)O)/N,211.0358,C4H10N3O5P,5359254,CHEBI:17287
C02325,COC1=CC(=CC(=C1O)OC)/C=C/CO,210.0892,C11H14O4,5280507,CHEBI:64557
C02341,C(/C(=C\C(=O)O)/C(=O)O)C(=O)O,174.0164,C6H6O6,444212,CHEBI:32806
C02343,C[C@H]([C@H](C1=CC=CC=C1)O)N,151.0997,C9H13NO,26934,CHEBI:36
C02353,C1=NC2=C(C(=N1)N)N=CN2[C@H]3[C@H]4[C@@H]([C@H](O3)CO)OP(=O)(O4)O,329.0525,C10H12N5O6P,101812,CHEBI:27844
C02356,CC[C@@H](C(=O)O)N,103.0633,C4H9NO2,6971252,CHEBI:35619
C02372,C1=CC(=CC=C1N)O,109.0528,C6H7NO,13283155,CHEBI:17602
C02376,CC1=C(NC(=O)N=C1)N,125.0589,C5H7N3O,65040,CHEBI:27551
C02378,C(CCC(=O)O)CCN,131.0946,C6H13NO2,517030,CHEBI:16586
C02385,C(CC(C(=O)O)N)CN=C(N)N,174.1117,C6H14N4O2,232,CHEBI:29016
C02465,C1=CC(=C(C=C1OC2=C(C=C(C=C2I)C[C@@H](C(=O)O)N)I)I)O,650.79,C15H12I3NO4,5920,CHEBI:18258
C02470,C1=CC2=C(C(=C1)O)NC(=CC2=O)C(=O)O,205.0375,C10H7NO4,5699,CHEBI:10072
C02477,CC1=C(C(=C2CC[C@@](OC2=C1C)(C)CCC[C@H](C)CCC[C@H](C)CCCC(C)C)C)O,430.3811,C29H50O2,14985,CHEBI:18145
C02502,C1=CC(=O)NC=C1,95.0371,C5H5NO,8871,CHEBI:16540
C02504,CC(C)[C@@](CC(=O)O)(C(=O)O)O,176.0685,C7H12O5,5280523,CHEBI:35128
C02512,C(C#N)[C@@H](C(=O)O)N,114.0429,C4H6N2O2,439742,CHEBI:16934
C02515,C1=CC(=C(C=C1C[C@@H](C(=O)O)N)I)O,306.9705,C9H10INO3,439744,CHEBI:27847
C02519,COC1=CC=C(C=C1)C(=O)O,152.0473,C8H8O3,7478,NA
C02528,C[C@H](CCC(=O)O)[C@H]1CC[C@@H]2[C@@]1(CC[C@H]3[C@H]2[C@@H](C[C@H]4[C@@]3(CC[C@H](C4)O)C)O)C,392.2927,C24H40O4,10133,CHEBI:16755
C02538,C[C@]12CC[C@H]3[C@H]([C@@H]1CCC2=O)CCC4=C3C=CC(=C4)OS(=O)(=O)O,350.1188,C18H22O5S,3001028,CHEBI:17474
C02567,CC(=O)NCCCNCCCCNCCCN,244.2263,C12H28N4O,916,CHEBI:17312
C02571,CC(=O)O[C@H](CC(=O)O)C[N+](C)(C)C,204.1236,C9H18NO4,439756,CHEBI:15960
C02588,CCCCCCCCCCCCCCCC(=O)OC/C=C(\C)/C=C/C=C(\C)/C=C/C1=C(CCCC1(C)C)C,524.4593,C36H60O2,5280531,CHEBI:17616
C02592,C[C@H](CCC(=O)NCCS(=O)(=O)O)[C@H]1CC[C@@H]2[C@@]1(CC[C@H]3[C@H]2CC[C@H]4[C@@]3(CC[C@H](C4)O)C)C,483.3018,C26H45NO5S,439763,CHEBI:36259
C02593,CCCCCCCCCCCCCC(=O)SCCNC(=O)CCNC(=O)[C@@H](C(C)(C)COP(=O)(O)OP(=O)(O)OC[C@@H]1[C@H]([C@H]([C@@H](O1)N2C=NC3=C2N=CN=C3N)O)OP(=O)(O)O)O,977.3136,C35H62N7O17P3S,11966124,CHEBI:15532
C02642,C(CNC(=O)N)C(=O)O,132.0535,C4H8N2O3,111,CHEBI:18261
C02656,C(CCC(=O)O)CCC(=O)O,160.0736,C7H12O4,385,CHEBI:30531
C02678,C(CCCCCC(=O)O)CCCCC(=O)O,230.1518,C12H22O4,12736,CHEBI:4676
C02679,CCCCCCCCCCCC(=O)O,200.1776,C12H24O2,3893,CHEBI:30805
C02710,CC(C)C[C@@H](C(=O)O)NC(=O)C,173.1052,C8H15NO3,70912,CHEBI:17786
C02712,CC(=O)N[C@@H](CCSC)C(=O)O,191.0616,C7H13NO3S,448580,CHEBI:21557
C02714,CC(=O)NCCCCN,130.1106,C6H14N2O,122356,CHEBI:17768
C02728,CNCCCC[C@@H](C(=O)O)N,160.1212,C7H16N2O2,164795,CHEBI:17604
C02735,C1=CC=C(C=C1)C(CN)O,137.0841,C8H11NO,1000,CHEBI:16343
C02794,C1=CC(=C(C(=C1)O)N)C(=O)CC(C(=O)O)N,224.0797,C10H12N2O4,25244175,CHEBI:1547
C02835,C1=C(NC=N1)CC(=O)O,126.0429,C5H6N2O2,28305488,CHEBI:16974
C02846,CN(C)C1=CC=CC=C1,121.0891,C8H11N,949,CHEBI:16269
C02918,C[N+]1=CC=CC(=C1)C(=O)N,137.0715,C7H9N2O,457,CHEBI:16797
C02939,CC(C)CC(=O)SCCNC(=O)CCNC(=O)[C@@H](C(C)(C)COP(=O)(O)OP(=O)(O)OC[C@@H]1[C@H]([C@H]([C@@H](O1)N2C=NC3=C2N=CN=C3N)O)OP(=O)(O)O)O,851.1727,C26H44N7O17P3S,165435,CHEBI:15487
C02953,C[C@@H]([C@@H](C1=NC2=C(NC1)NC(=NC2=O)N)O)O,239.1018,C9H13N5O3,119055,CHEBI:43029
C02983,CN[C@@H](CC1=CNC2=CC=CC=C21)C(=O)O,218.1055,C12H14N2O2,160511,CHEBI:15334
C02985,C[C@H]1[C@H]([C@H]([C@@H]([C@H](O1)OP(=O)(O)O)O)O)O,244.0348,C6H13O8P,65369,CHEBI:12387
C02990,CCCCCCCCCCCCCCCC(=O)O[C@H](CC(=O)[O-])C[N+](C)(C)C,399.3349,C23H45NO4,11953816,CHEBI:17490
C02993,C1=CC(=CC=C1C[C@@H](C(=O)N[C@@H](CCCN=C(N)N)C(=O)O)N)O,337.175,C15H23N5O4,123804,CHEBI:17537
C03079,C([C@@H](C(=O)O)N)C(C(=O)O)O,163.0481,C5H9NO5,439902,CHEBI:32811
C03088,C1=C(C(=O)NC(=O)N1)CO,142.0378,C5H6N2O3,78168,CHEBI:16964
C03114,CC1=CC2=C(C=C1C)N=CN2,146.0844,C9H10N2,675,CHEBI:15890
C03139,C([C@@H](C(=O)O)N=C(N)N)C(=O)O,175.0593,C5H9N3O4,439918,CHEBI:17072
C03145,CSCC[C@@H](C(=O)O)NC=O,177.046,C6H11NO3S,439750,CHEBI:16552
C03196,C(CC(=O)O)[C@@H](C(=O)O)O,148.0372,C5H8O5,439939,CHEBI:32797
C03205,C[C@]12CC[C@H]3[C@H]([C@@H]1CC[C@@H]2C(=O)CO)CCC4=CC(=O)CC[C@]34C,330.2195,C21H30O3,6166,CHEBI:16973
C03224,C1=C(C=C(C(=C1Br)O)Br)C[C@@H](C(=O)O)N,336.8949,C9H9Br2NO3,67532,CHEBI:28335
C03227,C1=CC(=C(C(=C1)O)N)C(=O)C[C@@H](C(=O)O)N,224.0797,C10H12N2O4,11811,CHEBI:17380
C03267,C([C@@H]1[C@H]([C@@H]([C@](O1)(CO)OP(=O)(O)O)O)O)O,260.0297,C6H13O9P,193537,CHEBI:12350
C03339,C(C(C(=O)O)OP(=O)(O)O)OP(=O)(O)O,265.9593,C3H8O10P2,61,CHEBI:28907
C03406,C(C[C@@H](C(=O)O)N)CN=C(N)N[C@@H](CC(=O)O)C(=O)O,290.1226,C10H18N4O6,16950,NA
C03410,C1[C@@H]([C@H]([C@@H](OC1(C(=O)O)O)[C@@H]([C@@H](CO)O)O)NC(=O)CO)O,325.1009,C11H19NO10,440001,NA
C03440,C1[C@H](CN[C@H]1C(=O)O)O,131.0582,C5H9NO3,440014,CHEBI:16231
C03451,C[C@H](C(=O)SC[C@@H](C(=O)NCC(=O)O)NC(=O)CC[C@@H](C(=O)O)N)O,379.1049,C13H21N3O8S,440018,CHEBI:15694
C03465,CCC(C)C(=O)C(=O)O,130.063,C6H10O3,47,CHEBI:35932
C03479,C1[C@@H](N(C2=C(N1)NC(=NC2=O)N)C=O)CNC3=CC=C(C=C3)C(=O)N[C@@H](CCC(=O)O)C(=O)O,473.1659,C20H23N7O7,143,NA
C03519,CC(=O)N[C@@H](CC1=CC=CC=C1)C(=O)O,207.0895,C11H13NO3,74839,CHEBI:16259
C03557,C(CP(=O)(O)O)N,125.0242,C2H8NO3P,339,CHEBI:15573
C03561,C[C@H](CC(=O)SCCNC(=O)CCNC(=O)[C@@H](C(C)(C)COP(=O)(O)OP(=O)(O)OC[C@@H]1[C@H]([C@H]([C@@H](O1)N2C=NC3=C2N=CN=C3N)O)OP(=O)(O)O)O)O,853.152,C25H42N7O18P3S,11966146,CHEBI:15452
C03582,C1=CC(=CC=C1/C=C/C2=CC(=CC(=C2)O)O)O,228.0786,C14H12O3,445154,CHEBI:27881
C03626,CN(C)C(=NCCC[C@@H](C(=O)O)N)N,202.143,C8H18N4O2,123831,CHEBI:17929
C03663,CC(=O)C1=C(C=C(C=C1)O)O,152.0473,C8H8O3,6990,CHEBI:18414
C03672,C1=CC(=CC=C1CC(C(=O)O)O)O,182.0579,C9H10O4,9378,CHEBI:17385
C03722,C1=CC(=C(N=C1)C(=O)O)C(=O)O,167.0219,C7H5NO4,1066,CHEBI:16675
C03727,C([C@@H](C(=O)O)N)SCC(=O)O,179.0252,C5H9NO4S,193653,CHEBI:16163
C03758,C1=CC(=C(C=C1CCN)O)O,153.079,C8H11NO2,681,CHEBI:18243
C03761,CC(CC(=O)O)(CC(=O)O)O,162.0528,C6H10O5,1662,CHEBI:16831
C03793,C[N+](C)(C)CCCC[C@@H](C(=O)[O-])N,188.1525,C9H20N2O2,440120,NA
C03794,C1=NC2=C(C(=N1)N[C@@H](CC(=O)O)C(=O)O)N=CN2[C@H]3[C@@H]([C@@H]([C@H](O3)COP(=O)(O)O)O)O,463.074,C14H18N5O11P,447145,NA
C03884,CN=C(N)NCCC[C@@H](C(=O)O)N,188.1273,C7H16N4O2,132862,CHEBI:28229
C03917,C[C@]12CCC(=O)C[C@@H]1CC[C@@H]3[C@@H]2CC[C@]4([C@H]3CC[C@@H]4O)C,290.2246,C19H30O2,10635,CHEBI:16330
C04051,C1=NC(=C(N1)C(=O)N)N,126.0542,C4H6N4O,9679,CHEBI:2030
C04148,C1=CC=C(C=C1)CC(=O)N[C@@H](CCC(=O)N)C(=O)O,264.111,C13H16N2O4,92258,CHEBI:17884
C04256,CC(=O)N[C@@H]1[C@H]([C@@H]([C@H](OC1OP(=O)(O)O)CO)O)O,301.0563,C8H16NO9P,440272,CHEBI:7125
C04411,CC(C)[C@@H]([C@H](C(=O)O)O)C(=O)O,176.0685,C7H12O5,5462261,NA
C04483,C[C@H](CCC(=O)O)[C@H]1CC[C@@H]2[C@@]1([C@H](C[C@H]3[C@H]2CC[C@H]4[C@@]3(CC[C@H](C4)O)C)O)C,392.2927,C24H40O4,222528,CHEBI:28834
C04548,CNCC(C1=CC=C(C=C1)O)O,167.0946,C9H13NO2,7172,CHEBI:29081
C04677,C1=NC(=C(N1[C@H]2[C@@H]([C@@H]([C@H](O2)COP(=O)(O)O)O)O)N)C(=O)N,338.0628,C9H15N4O8P,65110,CHEBI:18406
C04741,CCCCC[C@@H](/C=C/[C@H]1[C@@H](CC(=O)[C@@H]1CCCCCCC(=O)O)O)O,354.2406,C20H34O5,5280723,CHEBI:15544
C04874,C1C(=NC2=C(N1)NC(=NC2=O)N)[C@@H]([C@@H](CO)O)O,255.0968,C9H13N5O4,65074,CHEBI:17001
C05028,C[C@]12CC[C@H]3[C@H]([C@@H]1CC[C@]2(C#C)O)CCC4=CC(=O)CC[C@H]34,298.1933,C20H26O2,6230,CHEBI:7627
C05079,CCN1C=C(C(=O)C2=C1N=C(C=C2)C)C(=O)O,232.0848,C12H12N2O3,4421,CHEBI:100147
C05122,C[C@H](CCC(=O)NCCS(=O)(=O)O)[C@H]1CC[C@@H]2[C@@]1([C@H](C[C@H]3C2[C@@H](C[C@H]4[C@@]3(CC[C@H](C4)O)C)O)O)C,515.2917,C26H45NO7S,53297338,NA
C05127,CN1C=C(N=C1)CCN,125.0953,C6H11N3,3614,CHEBI:29009
C05145,CC(CN)C(=O)O,103.0633,C4H9NO2,25201103,CHEBI:27389
C05274,CCCCCCCCCC(=O)SCCNC(=O)CCNC(=O)[C@@H](C(C)(C)COP(=O)(O)OP(=O)(O)OC[C@@H]1[C@H]([C@H]([C@@H](O1)N2C=NC3=C2N=CN=C3N)O)OP(=O)(O)O)O,921.251,C31H54N7O17P3S,164800,CHEBI:28493
C05282,C(CC(=O)N[C@@H](CCC(=O)O)C(=O)O)[C@@H](C(=O)O)N,276.0958,C10H16N2O7,92865,CHEBI:73705
C05285,C[C@]12CCC(=O)C=C1CC[C@@H]3[C@@H]2C(=O)C[C@]4([C@H]3CCC4=O)C,300.1725,C19H24O3,223997,CHEBI:2495
C05330,C(CS)C(C(=O)O)N,135.0354,C4H9NO2S,49791978,CHEBI:17230
C05332,C1=CC=C(C=C1)CCN,121.0891,C8H11N,1001,CHEBI:18397
C05345,C([C@@H]1[C@H]([C@@H]([C@](O1)(CO)O)O)O)OP(=O)(O)O,260.0297,C6H13O9P,440641,CHEBI:16084
C05376,COC1=CC=C(C=C1)C2=COC3=CC(=CC(=C3C2=O)O)O[C@H]4[C@@H]([C@H]([C@@H]([C@H](O4)CO)O)O)O,446.1213,C22H22O10,5280781,CHEBI:28751
C05377,CC1=CC(=O)C2=CC=CC=C2C1=O,172.0524,C11H8O2,4055,CHEBI:28869
C05380,C1=CC(=CN=C1)C(=O)NCC(=O)O,180.0535,C8H8N2O3,68499,CHEBI:7563
C05402,C([C@@H]1[C@@H]([C@@H]([C@H]([C@H](O1)OC[C@@H]2[C@H]([C@@H]([C@H](C(O2)O)O)O)O)O)O)O)O,342.1162,C12H22O11,440658,CHEBI:28053
C05422,C([C@@H]([C@@H]1C(=O)C(=O)C(=O)O1)O)O,174.0164,C6H6O6,440667,CHEBI:27956
C05441,C[C@H](/C=C/[C@H](C)C(C)C)[C@H]1CC[C@@H]\2[C@@]1(CCC/C2=C\C=C/3\C[C@H](CCC3=C)O)C,396.3392,C28H44O,5280793,CHEBI:28934
C05443,C[C@H](CCCC(C)C)[C@H]1CC[C@@H]\2[C@@]1(CCC/C2=C\C=C/3\C[C@H](CCC3=C)O)C,384.3392,C27H44O,5280795,CHEBI:28940
C05463,C[C@H](CCC(=O)NCCS(=O)(=O)O)[C@H]1CC[C@@H]2[C@@]1([C@H](C[C@H]3C2CC[C@H]4[C@@]3(CC[C@H](C4)O)C)O)C,499.2968,C26H45NO6S,440687,NA
C05464,C[C@H](CCC(=O)NCC(=O)O)[C@H]1CC[C@@H]2[C@@]1([C@H](C[C@H]3[C@H]2CC[C@H]4[C@@]3(CC[C@H](C4)O)C)O)C,449.3141,C26H43NO5,3035026,CHEBI:27471
C05465,C[C@H](CCC(=O)NCCS(=O)(=O)O)[C@H]1CC[C@@H]2[C@@]1(CC[C@H]3[C@H]2[C@@H](C[C@H]4[C@@]3(CC[C@H](C4)O)C)O)C,499.2968,C26H45NO6S,387316,CHEBI:16525
C05466,C[C@H](CCC(=O)NCC(=O)O)[C@H]1CC[C@@H]2[C@@]1(CC[C@H]3[C@H]2[C@@H](C[C@H]4[C@@]3(CC[C@H](C4)O)C)O)C,449.3141,C26H43NO5,12544,CHEBI:36274
C05476,C[C@]12CC[C@H](C[C@H]1CC[C@@H]3[C@@H]2[C@H](C[C@]4([C@H]3CC[C@@H]4C(=O)CO)C)O)O,350.2457,C21H34O4,65553,CHEBI:9481
C05485,C[C@]12CC[C@H]3[C@H]([C@@H]1CC[C@@H]2C(=O)CO)CC=C4[C@@]3(CCC(C4)O)C,332.2351,C21H32O3,150891,NA
C05488,C[C@]12CCC(=O)C=C1CC[C@@H]3[C@@H]2CC[C@]4([C@H]3CC[C@@]4(C(=O)CO)O)C,346.2144,C21H30O4,440707,NA
C05498,CC(=O)[C@H]1CC[C@@H]2[C@@]1(C[C@@H]([C@H]3[C@H]2CCC4=CC(=O)CC[C@]34C)O)C,330.2195,C21H30O3,101788,CHEBI:28247
C05502,C[C@@H]([C@H]1CC[C@@H]2[C@@]1(CC[C@H]3[C@H]2CC=C4[C@@]3(CC[C@@H](C4)O)C)C)[C@@H](CCC(C)C)O,402.3498,C27H46O2,167685,CHEBI:67237
C05504,C[C@]12CC[C@H]3[C@H]([C@@H]1C[C@H]([C@@H]2O)O[C@H]4[C@@H]([C@H]([C@@H]([C@H](O4)C(=O)O)O)O)O)CCC5=C3C=CC(=C5)O,464.2046,C24H32O9,122281,CHEBI:766
C05512,C1[C@@H]([C@H](O[C@H]1N2C=NC3=C2NC=NC3=O)CO)O,252.0859,C10H12N4O4,65058,CHEBI:28997
C05552,C1C2C([C@@H](S1)CCCCC(=O)NCCCC[C@@H](C(=O)O)N)NC(=O)N2,372.1831,C16H28N4O4S,440721,NA
C05570,C[N+](C)(C)[C@@H](CC1=CNC(=S)N1)C(=O)O,230.0963,C9H16N3O2S,3037043,NA
C05582,COC1=C(C=CC(=C1)CC(=O)O)O,182.0579,C9H10O4,1738,CHEBI:545959
C05585,C1=CC(=C(C=C1O)C=O)O,138.0317,C7H6O3,70949,CHEBI:28508
C05587,COC1=C(C=CC(=C1)CCN)O,167.0946,C9H13NO2,1669,CHEBI:1582
C05589,COC1=C(C=CC(=C1)[C@H](CN)O)O,183.0895,C9H13NO3,688100,CHEBI:6277
C05593,C1=CC(=CC(=C1)O)CC(=O)O,152.0473,C8H8O3,12122,CHEBI:17445
C05594,COC1=C(C=CC(=C1)C(CO)O)O,184.0736,C9H12O4,10805,CHEBI:1576
C05623,C1=CC(=C(C=C1C2=C(C(=O)C3=C(C=C(C=C3O2)O)O)O[C@H]4[C@@H]([C@H]([C@@H]([C@H](O4)CO)O)O)O)O)O,464.0955,C21H20O12,5280804,CHEBI:68352
C05625,C[C@H]1[C@@H]([C@H]([C@H]([C@@H](O1)OC[C@@H]2[C@H]([C@@H]([C@H]([C@@H](O2)OC3=C(OC4=CC(=CC(=C4C3=O)O)O)C5=CC(=C(C=C5)O)O)O)O)O)O)O)O,610.1534,C27H30O16,5280805,CHEBI:28527
C05629,C1=CC=C(C=C1)CCC(=O)O,150.0681,C9H10O2,107,NA
C05635,C1=CC2=C(C=C1O)C(=CN2)CC(=O)O,191.0582,C10H9NO3,1826,CHEBI:27823
C05640,C1=CC(=C2C(=C1)OC3=CC(=O)C(=C(C3=N2)C(=O)O)N)C(=O)O,300.0382,C14H8N2O6,114918,CHEBI:3715
C05643,CC(=O)NCCC1=CNC2=CC(=C(C=C21)OC)O,248.1161,C13H16N2O3,1864,CHEBI:2198
C05653,C1=CC=C(C(=C1)C(=O)O)NC=O,165.0426,C8H7NO3,101399,CHEBI:36575
C05659,COC1=CC2=C(C=C1)NC=C2CCN,190.1106,C11H14N2O,1833,CHEBI:2089
C05660,COC1=CC2=C(C=C1)NC=C2CC(=O)O,205.0739,C11H11NO3,18986,NA
C05672,C(C(C(=O)O)N)P(=O)(O)O,169.014,C3H8NO5P,3857,NA
C05824,C([C@@H](C(=O)O)N)SS(=O)(=O)O,200.9766,C3H7NO5S2,115015,CHEBI:27891
C05842,CN1C=C(C=CC1=O)C(=O)N,152.0586,C7H8N2O2,69698,CHEBI:27410
C05851,C1=CC=C2C(=C1)C=CC(=O)O2,146.0368,C9H6O2,323,CHEBI:28794
C05852,C1=CC=C(C(=C1)CC(=O)O)O,152.0473,C8H8O3,11970,CHEBI:28478
C05903,C1=CC(=CC=C1C2=C(C(=O)C3=C(C=C(C=C3O2)O)O)O)O,286.0477,C15H10O6,5280863,CHEBI:28499
C05926,C1=C(N=C2C(=N1)NC(=NC2=O)N)[C@@H]([C@@H](CO)O)O,253.0811,C9H11N5O4,448839,NA
C05933,C(C[C@@H](C(=O)O)N)CN=C(N)NO,190.1066,C6H14N4O3,123895,CHEBI:60111
C05942,C1=CNC(=C1)C(=O)O,111.032,C5H5NO2,12473,CHEBI:36751
C05944,CC(C)(CO)[C@H](C(=O)NCCCO)O,205.1314,C9H19NO4,131204,CHEBI:27373
C05984,CC[C@@H](C(=O)O)O,104.0473,C4H8O3,440864,CHEBI:50613
C06104,C(CCC(=O)O)CC(=O)O,146.0579,C6H10O4,196,CHEBI:30832
C06144,C#CCC(=O)O,84.0211,C4H4O2,137547,CHEBI:1461
C06156,C([C@@H]1[C@H]([C@@H]([C@H]([C@H](O1)OP(=O)(O)O)N)O)O)O,259.0457,C6H14NO8P,188960,CHEBI:27625
C06180,C1CCNC(C1)C2=CN=CC=C2,162.1157,C10H14N2,2181,CHEBI:28986
C06186,C1=CC(=CC=C1O)O[C@H]2[C@@H]([C@H]([C@@H]([C@H](O2)CO)O)O)O,272.0896,C12H16O7,440936,NA
C06199,CN(C)CCC1=CC=C(C=C1)O,165.1154,C10H15NO,68313,CHEBI:5764
C06213,CNCCC1=CNC2=CC=CC=C21,174.1157,C11H14N2,6088,CHEBI:28136
C06313,CC(C(C1=CN=C2C(=N1)C(=O)N=C(N2)N)O)O,237.0862,C9H11N5O3,2380,CHEBI:15373
C06423,CCCCCCCC(=O)O,144.115,C8H16O2,379,CHEBI:28837
C06424,CCCCCCCCCCCCCC(=O)O,228.2089,C14H28O2,11005,CHEBI:28875
C06426,CCCCC/C=C\C/C=C\C/C=C\CCCCC(=O)O,278.2246,C18H30O2,5280933,CHEBI:28661
C06427,CC/C=C\C/C=C\C/C=C\CCCCCCCC(=O)O,278.2246,C18H30O2,5280934,CHEBI:27432
C06428,CC/C=C\C/C=C\C/C=C\C/C=C\C/C=C\CCCC(=O)O,302.2246,C20H30O2,446284,CHEBI:28364
C06429,CC/C=C\C/C=C\C/C=C\C/C=C\C/C=C\C/C=C\CCC(=O)O,328.2402,C22H32O2,445580,CHEBI:28125
C06501,C1=CC(=CC=C1C[C@@H](C(=O)O)N)OP(=O)(O)O,261.0402,C9H12NO6P,30819,CHEBI:37788
C06502,C1=NC(=C(C(=N1)N)NC=O)N,153.0651,C5H7N5O,114926,CHEBI:27983
C06526,COC1=CC2=C(C=CN=C2C=C1)[C@H]([C@@H]3CC4CCN3C[C@@H]4C=C)O,324.1838,C20H24N2O2,8549,NA
C06533,COC1=C(C=C(C=C1)CC2=NC=CC3=CC(=C(C=C32)OC)OC)OC,339.1471,C20H21NO4,4680,CHEBI:28241
C06538,CC1=NC=CC2=C1NC3=C2C=CC(=C3)OC,212.095,C13H12N2O,5280953,CHEBI:28121
C06562,C1[C@@H]([C@H](OC2=CC(=CC(=C21)O)O)C3=CC(=C(C=C3)O)O)O,290.079,C15H14O6,9064,CHEBI:15600
C06563,C1=CC(=CC=C1C2=COC3=CC(=CC(=C3C2=O)O)O)O,270.0528,C15H10O5,5280961,CHEBI:28088
C06574,CC1([C@@H](N2[C@H](S1)[C@@H](C2=O)NC(=O)[C@@H](C3=CC=CC=C3)N)C(=O)O)C,349.1096,C16H19N3O4S,6249,CHEBI:28971
C06604,CCOP(=S)(OCC)OC1=CC=C(C=C1)[N+](=O)[O-],291.033,C10H14NO5PS,991,CHEBI:27928
C06672,COC1=C(C=CC(=C1)C(=O)O)O,168.0423,C8H8O4,8468,CHEBI:30816
C06686,C[C@@H]1CC(=O)C=C([C@]12C(=O)C3=C(O2)C(=C(C=C3OC)OC)Cl)OC,352.0714,C17H17ClO6,441140,CHEBI:27779
C06687,CCN1C=C(C(=O)C2=CC(=C(C=C21)N3CCNCC3)F)C(=O)O,319.1332,C16H18FN3O3,4539,CHEBI:100246
C06730,CC1=CC(=C(C=C1)O)O,124.0524,C7H8O2,9958,CHEBI:17254
C06746,CC(=O)NCCC1=CC=CC=C1,163.0997,C10H13NO,70143,CHEBI:18177
C06771,C(CO)N(CCO)CCO,149.1052,C6H15NO3,7618,CHEBI:28621
C06772,C(CO)NCCO,105.079,C4H11NO2,8113,CHEBI:28123
C06806,CC(=O)C1=CC=C(C=C1)S(=O)(=O)NC(=O)NC2CCCCC2,324.1144,C15H20N2O4S,1989,CHEBI:28052
C06809,CC(=O)N[C@@H](CS)C(=O)O,163.0303,C5H9NO3S,12035,CHEBI:28939
C06827,CC1([C@@H](N2[C@H](S1)[C@@H](C2=O)NC(=O)[C@@H](C3=CC=C(C=C3)O)N)C(=O)O)C,365.1045,C16H19N3O5S,33613,CHEBI:2676
C06860,CC(C(=O)C1=CC(=CC=C1)Cl)NC(C)(C)C,239.1077,C13H18ClNO,444,CHEBI:3219
C06863,C1CC[C@]2([C@H]3CC4=C([C@]2(C1)CCN3CC5CCC5)C=C(C=C4)O)O,327.2198,C21H29NO2,5361092,CHEBI:3242
C06866,CC(C)/C=C/CCCCC(=O)NCC1=CC(=C(C=C1)O)OC,305.1991,C18H27NO3,1548943,NA
C06906,CN(C)CCCN1C2=CC=CC=C2SC3=C1C=C(C=C3)Cl,318.0957,C17H19ClN2S,2726,NA
C06916,CCOC(=O)C(C)(C)OC1=CC=C(C=C1)Cl,242.071,C12H15ClO3,2796,CHEBI:3750
C06943,CNCCCN1C2=CC=CC=C2CCC3=CC=CC=C31,266.1783,C18H22N2,2995,NA
C06949,CC1=NS(=O)(=O)C2=C(N1)C=CC(=C2)Cl,229.9917,C8H7ClN2O2S,3019,CHEBI:4495
C06950,CC1=C(C(=NO1)C2=C(C=CC=C2Cl)Cl)C(=O)N[C@H]3[C@@H]4N(C3=O)[C@H](C(S4)(C)C)C(=O)O,469.0266,C19H17Cl2N3O5S,18381,CHEBI:4511
C06956,C[C@@H]1[C@H]([C@H](C[C@@H](O1)O[C@@H]2[C@H](O[C@H](C[C@@H]2O)O[C@@H]3[C@H](O[C@H](C[C@@H]3O)O[C@H]4CC[C@]5([C@@H](C4)CC[C@@H]6[C@@H]5C[C@H]([C@]7([C@@]6(CC[C@@H]7C8=CC(=O)OC8)O)C)O)C)C)C)O)O,780.4296,C41H64O14,2724385,CHEBI:4551
C06957,C[C@H]\1CC[C@@H](C/C1=C\C=C\2/CCC[C@]3(C2CCC3[C@H](C)/C=C/[C@H](C)C(C)C)C)O,398.3549,C28H46O,46173763,NA
C06958,CC(=O)O[C@@H]1[C@@H](SC2=CC=CC=C2N(C1=O)CCN(C)C)C3=CC=C(C=C3)OC,414.1613,C22H26N2O4S,39186,CHEBI:101278
C06991,CCC1=CC=CC2=C1NC3=C2CCOC3(CC)CC(=O)O,287.1521,C17H21NO3,3308,CHEBI:4909
C07042,CN1CC[C@]23[C@@H]4[C@H]1CC5=C2C(=C(C=C5)O)O[C@H]3C(=O)CC4,285.1365,C17H19NO3,5284570,CHEBI:5790
C07044,C(=O)(N)NO,76.0273,CH4N2O2,3657,NA
C07108,CC/C(=C(\C1=CC=CC=C1)/C2=CC=C(C=C2)OCCN(C)C)/C3=CC=CC=C3,371.2249,C26H29NO,2733526,NA
C07117,CC1=C(C(=C(C=C1)Cl)NC2=CC=CC=C2C(=O)O)Cl,295.0167,C14H11Cl2NO2,4037,CHEBI:6710
C07128,CCOC(=O)C1(CCN(CC1)C)C2=CC=CC=C2,247.1572,C15H21NO2,4058,CHEBI:6754
C07130,CN1C2=C(C(=O)N(C1=O)C)NC=N2,180.0647,C7H8N4O2,2153,CHEBI:28177
C07148,CCCCNC(=O)NS(=O)(=O)C1=CC=C(C=C1)C,270.1038,C12H18N2O3S,5505,CHEBI:27999
C07155,C1[C@H](C1C2=CC=CC=C2)N,133.0891,C9H11N,441233,NA
C07185,CCCC(CCC)C(=O)O,144.115,C8H16O2,3121,NA
C07188,CC(C)C(CCCN(C)CCC1=CC(=C(C=C1)OC)OC)(C#N)C2=CC(=C(C=C2)OC)OC,454.2832,C27H38N2O4,2520,CHEBI:77733
C07190,CN1C=CNC1=S,114.0252,C4H6N2S,1349907,CHEBI:50673
C07194,C[C@](CC1=CC(=C(C=C1)O)O)(C(=O)O)N,211.0845,C10H13NO4,38853,CHEBI:61058
C07203,CC1=NC=C(N1CCO)[N+](=O)[O-],171.0644,C6H9N3O3,4173,CHEBI:6909
C07205,CC(C)(C1=CN=CC=C1)C(=O)C2=CN=CC=C2,226.1106,C14H14N2O,4174,NA
C07228,C1CCN(CC1)CCOC2=CC=C(C=C2)C(=O)C3=C(SC4=C3C=CC(=C4)O)C5=CC=C(C=C5)O,473.1661,C28H27NO4S,5035,CHEBI:8772
C07274,CNCCC=C1C2=CC=CC=C2CCC3=CC=CC=C31,263.1674,C19H21N,4543,NA
C07315,CC1=CC(=NO1)NS(=O)(=O)C2=CC=C(C=C2)N,253.0521,C10H11N3O3S,5329,CHEBI:9332
C07369,C[C@]12C[C@@H]([C@H]3[C@H]([C@@H]1CC[C@@]2(C(=O)CO)O)CCC4=CC(=O)C=C[C@]34C)O,360.1937,C21H28O5,5755,NA
C07375,CCN(CC)CCOC(=O)C1=CC=C(C=C1)N,236.1525,C13H20N2O2,4914,CHEBI:8430
C07379,CN(C)CCCN1C2=CC=CC=C2SC3=CC=CC=C31,284.1347,C17H20N2S,4926,CHEBI:8459
C07404,CC(CN1C2=CC=CC=C2SC3=CC=CC=C31)N(C)C,284.1347,C17H20N2S,4927,CHEBI:8461
C07446,C1=CN=CC=C1C(=O)O,123.032,C6H5NO2,5922,CHEBI:6032
C07458,C1=CC(=CC=C1N)S(=O)(=O)N,172.0306,C6H8N2O2S,5333,NA
C07480,CN1C=NC2=C1C(=O)NC(=O)N2C,180.0647,C7H8N4O2,5429,CHEBI:28946
C07481,CN1C=NC2=C1C(=O)N(C(=O)N2C)C,194.0804,C8H10N4O2,2519,CHEBI:27732
C07482,CC(C)(C1=CC=CC=C1CC[C@H](C2=CC=CC(=C2)/C=C/C3=NC4=C(C=CC(=C4)Cl)C=C3)SCC5(CC5)CC(=O)O)O,585.2104,C35H36ClNO3S,5281040,CHEBI:50730
C07500,C=CC(CCC(=O)O)N,129.079,C6H11NO2,25202592,CHEBI:63638
C07502,CC1(O[C@@H]2CO[C@@]3([C@H]([C@@H]2O1)OC(O3)(C)C)COS(=O)(=O)N)C,339.0988,C12H21NO8S,5284627,CHEBI:63631
C07505,CCC1(CC(=O)NC1=O)C,141.079,C7H11NO2,3291,CHEBI:4887
C07537,CCOC1=C2C3=C(C[C@@H]4[C@H]5[C@]3(CCN4C)[C@@H](O2)[C@H](C=C5)O)C=C1,313.1678,C19H23NO3,5359271,CHEBI:4902
C07564,CCCN(CCC)CCC1=C2CC(=O)NC2=CC=C1,260.1889,C16H24N2O,5095,CHEBI:8888
C07565,CC(=O)NC1=CC=CC=C1,135.0684,C8H9NO,904,CHEBI:28884
C07569,CCCC1=CC(=O)NC(=S)N1,170.0514,C7H10N2OS,657298,CHEBI:8502
C07588,C1=CC=C(C(=C1)C(=O)NCC(=O)O)O,195.0532,C9H9NO4,10253,CHEBI:9008
C07599,C1=C2C(=NC(=O)NC2=O)NN1,152.0334,C5H4N4O2,4644,NA
C07618,C[C@]12CC[C@H]3[C@H]([C@@H]1CC[C@]2(C#C)O)CCC4=C3C=CC(=C4)OC,310.1933,C21H26O2,6291,CHEBI:6784
C07624,C1CC1NC2=NC(=NC3=C2N=CN3[C@@H]4C[C@@H](C=C4)CO)N,286.1542,C14H18N6O,441300,CHEBI:421707
C07630,COC1=C(N=CN=C1OC)NS(=O)(=O)C2=CC=C(C=C2)N,310.0736,C12H14N4O4S,17134,CHEBI:9329
C07658,C1=CN=C(N=C1)NS(=O)(=O)C2=CC=C(C=C2)N,250.0524,C10H10N4O2S,5215,CHEBI:9328
C07665,CCC1=NC=CC(=C1)C(=S)N,166.0565,C8H10N2S,2761171,CHEBI:4885
C07666,C1=CC(=CC=C1N)S(=O)(=O)C2=CC=C(C=C2)N,248.0619,C12H12N2O2S,2955,CHEBI:4325
C07736,CC(O)(P(=O)(O)O)P(=O)(O)O,205.9745,C2H8O7P2,3305,CHEBI:4907
C07819,CN1C2=C(C(=O)N(C1=O)C)N(C=N2)CC(CO)O,254.1015,C10H14N4O4,3182,CHEBI:4728
C07931,C1=CC2=C(C=C1Cl)NC(=O)O2,168.9931,C7H4ClNO2,2733,CHEBI:3655
C07968,CCN(CC)C(=O)N1CCN(CC1)C,199.1685,C10H21N3O,3052,CHEBI:4527
C08042,C1=C(OC(=C1)[N+](=O)[O-])/C=N/NC(=O)N,198.0389,C6H6N4O4,5447130,NA
C08057,C1[C@H](C(=O)NO1)N,102.0429,C3H6N2O2,51670069,CHEBI:74159
C08149,CC[C@]12CC[C@H]3[C@H]([C@@H]1CC[C@]2(C#C)O)CCC4=CC(=O)CC[C@H]34,312.2089,C21H28O2,13109,CHEBI:6443
C08261,C(CCCC(=O)O)CCCC(=O)O,188.1049,C9H16O4,19347555,CHEBI:48131
C08262,CC(C)CC(=O)O,102.0681,C5H10O2,10430,CHEBI:28484
C08276,CSCCC(=O)O,120.0245,C4H8O2S,563,CHEBI:1438
C08277,C(CCCCC(=O)O)CCCC(=O)O,202.1205,C10H18O4,5192,NA
C08278,C(CCCC(=O)O)CCC(=O)O,174.0892,C8H14O4,10457,CHEBI:9300
C08281,CCCCCCCCCCCCCCCCCCCCCC(=O)O,340.3341,C22H44O2,8215,CHEBI:28941
C08309,CN(C)CCC1=CNC2=C1C=C(C=C2)OC,218.1419,C13H18N2O,1832,CHEBI:2086
C08313,CC1=CNC2=CC=CC=C12,131.0735,C9H9N,6736,CHEBI:9171
C08316,CCCCCCCC/C=C\CCCCCCCCCCCC(=O)O,338.3185,C22H42O2,5281116,CHEBI:28792
C08322,CCCC/C=C\CCCCCCCC(=O)O,226.1933,C14H26O2,5281119,CHEBI:27781
C08323,CCCCCCCC/C=C\CCCCCCCCCCCCCC(=O)O,366.3498,C24H46O2,5281120,NA
C08362,CCCCCC/C=C\CCCCCCCC(=O)O,254.2246,C16H30O2,445638,CHEBI:28716
C08367,CCCCCC/C=C/CCCCCCCCCC(=O)O,282.2559,C18H34O2,5281127,CHEBI:28727
C08434,CNC1=NC=NC2=C1NC=N2,149.0701,C6H7N5,67955,CHEBI:28871
C08491,CC/C=C\C[C@@H]1[C@H](CCC1=O)CC(=O)O,210.1256,C12H18O3,5281166,CHEBI:18292
C09209,CC1=NC=CC2=C1NC3=CC=CC=C23,182.0844,C12H10N2,5281404,CHEBI:5623
C09727,C1[C@H]([C@H](OC2=CC(=CC(=C21)O)O)C3=CC(=C(C=C3)O)O)O,290.079,C15H14O6,72276,CHEBI:90
C09731,C1[C@H]([C@H](OC2=CC(=CC(=C21)O)O)C3=CC(=C(C(=C3)O)O)O)OC(=O)C4=CC(=C(C(=C4)O)O)O,458.0849,C22H18O11,65064,CHEBI:4806
C09789,C[C@H]1[C@@H]([C@H]([C@H]([C@@H](O1)O[C@@H]2[C@H]([C@@H]([C@H](O[C@H]2OC3=CC(=C4C(=O)C[C@H](OC4=C3)C5=CC=C(C=C5)O)O)CO)O)O)O)O)O,580.1792,C27H32O14,442428,NA
C09981,C[C@H]1CCCC(=O)CCC/C=C/C2=CC(=CC(=C2C(=O)O1)O)O,318.1467,C18H22O5,5281576,CHEBI:10106
C10028,C1=CC=C(C=C1)C2=CC(=O)C3=C(C=C(C=C3O2)O)O,254.0579,C15H10O4,5281607,CHEBI:75095
C10073,C1=CC(=C(C=C1C2=C(C(=O)C3=C(C=C(C=C3O2)O)O)O[C@H]4[C@@H]([C@H]([C@H]([C@H](O4)CO)O)O)O)O)O,464.0955,C21H20O12,5281643,CHEBI:67486
C10084,COC1=C(C=CC(=C1)C2=C(C(=O)C3=C(C=C(C=C3O2)O)O)O)O,316.0583,C16H12O7,5281654,CHEBI:6052
C10107,C1=C(C=C(C(=C1O)O)O)C2=C(C(=O)C3=C(C=C(C=C3O2)O)O)O,318.0376,C15H10O8,5281672,NA
C10216,C1=CC(=CC=C1C2=COC3=C(C2=O)C=CC(=C3)O[C@H]4[C@@H]([C@H]([C@@H]([C@H](O4)CO)O)O)O)O,416.1107,C21H20O9,107971,NA
C10237,C1[C@H]([C@H](OC2=C3[C@@H]4[C@H]([C@@](OC5=CC(=CC(=C45)O)O)(OC3=CC(=C21)O)C6=CC(=C(C=C6)O)O)O)C7=CC(=C(C=C7)O)O)O,576.1268,C30H24O12,124025,CHEBI:28472
C10443,COC1=C(C=CC(=C1)/C=C/C(=C/C(=O)/C=C/C2=CC(=C(C=C2)O)OC)/O)O,368.126,C21H20O6,5281767,NA
C10447,C1=CC(=C(C=C1CCC(=O)O)O)O,182.0579,C9H10O4,348154,CHEBI:48400
C10470,COC1=C(C=C(C=C1)/C=C/C(=O)O)O,194.0579,C10H10O4,736186,CHEBI:27794
C10509,COC1=CC=C(C=C1)C2=COC3=C(C2=O)C=CC(=C3)O[C@H]4[C@@H]([C@H]([C@@H]([C@H](O4)CO)O)O)O,430.1264,C22H22O9,442813,CHEBI:7775
C10521,COC1=CC(=C2C(=C1)OC=C(C2=O)C3=CC=C(C=C3)O)O,284.0685,C16H12O5,5281804,CHEBI:8600
C10682,COC1=C(C=CC(=C1)C[C@H]2COC(=O)[C@@H]2CC3=CC(=C(C=C3)O)OC)O,358.1416,C20H22O6,119205,CHEBI:65005
C11045,COC(=O)[C@H](CC1=CC=CC=C1)NC(=O)[C@H](CC(=O)O)N,294.1216,C14H18N2O5,134601,CHEBI:2877
C11133,C[C@]12CC[C@H]3[C@H]([C@@H]1CCC2=O)CCC4=C3C=CC(=C4)O[C@H]5[C@@H]([C@H]([C@@H]([C@H](O5)C(=O)O)O)O)O,446.1941,C24H30O8,115255,NA
C11142,CS(=O)(=O)C,94.0089,C2H6O2S,6213,CHEBI:9349
C11155,CCCOC(=O)C1=CC(=C(C(=C1)O)O)O,212.0685,C10H12O5,4947,CHEBI:10607
C11284,C1=CC=C2C(=C1)C(=CN2)CCCC(=O)O,203.0946,C12H13NO2,8617,CHEBI:33070
C11332,CC(C)CC(C(=O)NC(CC(C)C)C(=O)O)N,244.1787,C12H24N2O3,94244,CHEBI:6418
C11378,CC1=C(C(=O)C(=C(C1=O)OC)OC)C/C=C(\C)/CC/C=C(\C)/CC/C=C(\C)/CC/C=C(\C)/CC/C=C(\C)/CC/C=C(\C)/CC/C=C(\C)/CC/C=C(\C)/CC/C=C(\C)/CCC=C(C)C,862.6839,C59H90O4,5281915,NA
C11437,CC(=O)[C@H]([C@@H](COP(=O)(O)O)O)O,214.0242,C5H11O7P,443201,CHEBI:16493
C11457,C1=CC(=CC(=C1)O)CCC(=O)O,166.063,C9H10O3,91,CHEBI:1427
C11695,CCCCC/C=C\C/C=C\C/C=C\C/C=C\CCCC(=O)NCCO,347.2824,C22H37NO2,5281969,CHEBI:2700
C11714,C1=CC=C2C(=C1)C=CC=C2O,144.0575,C10H8O,7005,CHEBI:10319
C11785,C1CN[C@@H]2CC3=C4[C@@]15[C@H]2C=C[C@@H]([C@@H]5OC4=C(C=C3)O)O,271.1208,C16H17NO3,5462508,CHEBI:7633
C12144,CCCCCCCCCCCCCC[C@H]([C@H]([C@H](CO)N)O)O,317.293,C18H39NO3,122121,NA
C12147,C[C@H]([C@@H](C(=O)O)N)OP(=O)(O)O,199.0246,C4H10NO6P,3246323,CHEBI:37525
C12249,C1=CC(=CC=C1C2=C(C(=O)C3=C(C=C(C=C3O2)O)O)O[C@H]4[C@@H]([C@H]([C@@H]([C@H](O4)CO)O)O)O)O,448.1006,C21H20O11,5282102,CHEBI:30200
C12270,CC(=O)N[C@@H](CC(=O)O)C(=O)N[C@@H](CCC(=O)O)C(=O)O,304.0907,C11H16N2O8,71120,NA
C12518,C(CC=O)CC=O,100.0524,C5H8O2,3485,CHEBI:64276
C12621,C1=CC(=CC(=C1)O)/C=C/C(=O)O,164.0473,C9H8O3,637541,CHEBI:32357
C12650,CCCCCOC(=O)NC1=NC(=O)N(C=C1F)[C@H]2[C@@H]([C@@H]([C@H](O2)C)O)O,359.1493,C15H22FN3O6,60953,NA
C12989,CC(=O)N[C@@H](CCCCN)C(=O)O,188.1161,C8H16N2O3,6992697,CHEBI:35704
C13747,CN1C=NC2=C1C(=O)N(C(=O)N2)C,180.0647,C7H8N4O2,4687,CHEBI:25858
C13846,CCCCCCCCCCCCCCCCCC(=O)N,283.2875,C18H37NO,31292,CHEBI:34900
C13914,CCCCCCCCCCCCC/C=C/[C@H]([C@H](CO)N(C)C)O,327.3137,C20H41NO2,5282309,CHEBI:78759
C14131,C1[C@H](COC2=C1C=CC(=C2)O)C3=CC=C(C=C3)O,242.0943,C15H14O3,91469,CHEBI:34741
C14151,CC1=C2C(=CC(=C1)O)CC[C@@](O2)(C)CCC[C@H](C)CCC[C@H](C)CCCC(C)C,402.3498,C27H46O2,92094,NA
C14487,C[C@]12CCC(=O)C=C1CC[C@@H]3[C@@H]2CC[C@]4([C@H]3CC[C@]4(C#C)O)C,312.2089,C21H28O2,5284557,CHEBI:34749
C14536,COC1=C(C=C2C(=C1)C(=O)C(=CO2)C3=CC=C(C=C3)O)O,284.0685,C16H12O5,5317750,CHEBI:34778
C14717,CCCCC/C=C/C=C/1\[C@H](C=CC1=O)C/C=C\CCCC(=O)O,316.2038,C20H28O3,5311211,CHEBI:34159
C15493,CC1=C(C(CCC1)(C)C)/C=C/C(=C\C=C\C(=C\C(=O)O)\C)/C,300.2089,C20H28O2,449171,CHEBI:50648
C15519,C[C@H](CCCC(C)(C)O)[C@H]1CC[C@@H]2[C@@]1(CC[C@H]3[C@H]2CC=C4[C@@]3(CC[C@@H](C4)O)C)C,402.3498,C27H46O2,65094,NA
C15557,C[C@H](CCC(=O)NCC(=O)O)[C@H]1CC[C@@H]2[C@@]1(CC[C@H]3[C@H]2CC[C@H]4[C@@]3(CC[C@H](C4)O)C)C,433.3192,C26H43NO4,115245,CHEBI:37998
C15587,C1=C2C(=NC=N1)N=CN2,120.0436,C5H4N4,1044,CHEBI:17258
C15608,C1=CC=C(C=C1)C2=CC(=O)C3=CC=CC=C3O2,222.0681,C15H10O2,10680,NA
C15643,C[C@@H]1C[C@H]2[C@@H]3CCC4=CC(=O)C=C[C@@]4([C@]3([C@H](C[C@@]2([C@]1(C(=O)CO)O)C)O)F)C,392.1999,C22H29FO5,5743,NA
C16195,COC1=C(C=C2C(=C1)C(=O)C(=CO2)C3=CC=C(C=C3)O)O[C@H]4[C@@H]([C@H]([C@@H]([C@H](O4)CO)O)O)O,446.1213,C22H22O10,187808,CHEBI:80373
C16308,C(CCCCC(=O)O)CCC/C=C/C(=O)O,228.1362,C12H20O4,5283028,CHEBI:545687
C16353,CN1C=NC2=C1C(=O)NC(=O)N2,166.0491,C6H6N4O2,68374,CHEBI:48991
C16355,CN1C2=C(NC(=O)NC2=O)NC1=O,182.044,C6H6N4O3,69160,NA
C16356,CN1C2=C(NC1=O)NC(=O)N(C2=O)C,196.0596,C7H8N4O3,91611,CHEBI:68449
C16357,CN1C2=C(C(=O)NC1=O)NC=N2,166.0491,C6H6N4O2,70639,CHEBI:62207
C16358,CN1C(=O)C2=C(NC1=O)N=CN2,166.0491,C6H6N4O2,80220,CHEBI:68444
C16359,CN1C(=O)C2=C(NC(=O)N2)NC1=O,182.044,C6H6N4O3,69726,CHEBI:68441
C16360,CN1C2=C(NC1=O)N(C(=O)NC2=O)C,196.0596,C7H8N4O3,83126,CHEBI:68531
C16512,CCCCCCCCCCCCCCCC(=O)NCCO,299.2824,C18H37NO2,4671,CHEBI:71464
C16537,CCCCCCCCCCCCCCC(=O)O,242.2246,C15H30O2,13849,NA
C16681,CC1=C(C(CCC1)(C)C)/C=C/C(=C\C=C\C(=C\C=O)\C)/C,284.214,C20H28O,6436082,CHEBI:78273
C16683,CC1=C(C(CCC1=O)(C)C)/C=C/C(=C/C=C/C(=C/CO)/C)/C,300.2089,C20H28O2,5289090,NA
C16741,C(C[C@@H](C(=O)O)N)[C@H](CN)O,162.1004,C6H14N2O3,3032849,CHEBI:18040
C16772,CC1=CCC(CC1)C(C)(C)O,154.1358,C10H18O,17100,NA
C16843,C1[C@@H]([C@H]([C@@H]([C@H](N1)CO)O)O)O,163.0845,C6H13NO4,29435,CHEBI:44369
C16868,C[C@H](CCC(=O)NCCS(=O)(=O)O)[C@H]1CC[C@@H]2[C@@]1(CC[C@H]3[C@H]2[C@H](C[C@H]4[C@@]3(CC[C@H](C4)O)C)O)C,499.2968,C26H45NO6S,9848818,CHEBI:80774
C16884,C([C@H]([C@@H](CO)O)O)O,122.0579,C4H10O4,169019,CHEBI:48300
C17076,CCCCCCCCCCCCC(=O)O,214.1933,C13H26O2,12530,NA
C17639,C1[C@H]([C@H](OC2=C1C(=CC(=C2[C@@H]3[C@H]([C@H](OC4=CC(=CC(=C34)O)O)C5=CC(=C(C=C5)O)O)O)O)O)C6=CC(=C(C=C6)O)O)O,578.1424,C30H26O12,122738,CHEBI:75632
C17715,CCCCCCCCCCC(=O)O,186.162,C11H22O2,8180,CHEBI:32368
C18044,CC(=O)[C@H]1CC[C@@H]2[C@@]1(CC[C@H]3[C@H]2CC=C4[C@@]3(CC[C@@H](C4)OS(=O)(=O)O)C)C,396.197,C21H32O5S,105074,CHEBI:35420
C18166,C1=CC(=CC(=C1)O)C[C@@H](CO)[C@@H](CC2=CC(=CC=C2)O)CO,302.1518,C18H22O4,115089,CHEBI:81556
C18218,C(CCCCCCCC(=O)O)CCCCCCCO,272.2351,C16H32O3,10466,CHEBI:55328
C19355,CCCCOCCO,118.0994,C6H14O2,8133,CHEBI:63921
C19530,CC1=CC(=NC(=N1)NS(=O)(=O)C2=CC=C(C=C2)N)C,278.0837,C12H14N4O2S,5327,CHEBI:102265
C19837,C1=CC=C2C(=C1)C(=CN2)C(=O)O,161.0477,C9H7NO2,69867,CHEBI:24809
C20157,C1=CC=C2C(=C1)C3=C(N2)C=NC=C3,168.0687,C11H8N2,64961,CHEBI:109895
C20634,COC(=O)C1=CC=CC=C1N,151.0633,C8H9NO2,8635,CHEBI:73244
